post_id,post_type,status,url,title,field,snippet
1158,attachment,inherit,https://commscloud.com/news-and-views/iot-trends/iot-in-action/attachment/nir-shalom/,Nir Shalom,excerpt,CEO floLIVE
1450,attachment,inherit,https://commscloud.com/flolive-logo-4/,floLIVE logo 4,title,floLIVE logo 4
1450,attachment,inherit,https://commscloud.com/flolive-logo-4/,floLIVE logo 4,meta_json,"{""_wp_attached_file"": ""2022/10/floLIVE-logo-4.png"", ""_wp_attachment_metadata"": ""a:6:{s:5:\""width\"";i:232;s:6:\""height\"";i:138;s:4:\""file\"";s:26:\""2022/"
1778,attachment,inherit,https://commscloud.com/multi-imsi-flolive/,MULTI-IMSI-floLIVE,title,MULTI-IMSI-floLIVE
1778,attachment,inherit,https://commscloud.com/multi-imsi-flolive/,MULTI-IMSI-floLIVE,meta_json,"{""_wp_attached_file"": ""2024/04/MULTI-IMSI-floLIVE.jpeg"", ""_wp_attachment_metadata"": ""a:6:{s:5:\""width\"";i:768;s:6:\""height\"";i:234;s:4:\""file\"";s:31:\""2024/04/MUL"
2192,attachment,inherit,https://commscloud.com/24-04-24-commscloud-flolive-case-study/,24-04-24 CommsCloud floLIVE Case Study,title,24-04-24 CommsCloud floLIVE Case Study
2192,attachment,inherit,https://commscloud.com/24-04-24-commscloud-flolive-case-study/,24-04-24 CommsCloud floLIVE Case Study,meta_json,"{""_wp_attached_file"": ""2024/04/24-04-24-CommsCloud-floLIVE-Case-Study.pdf"", ""_wp_attachment_metadata"": ""a:1:{s:8:\""filesize\"";i:2198505;}"", ""rank_math_news_sitemap_robots"""
3252,attachment,inherit,https://commscloud.com/flolive_isim_vs_esim/,Smart Devices Networking,meta_json,"{""_wp_attached_file"": ""2024/07/floLive_iSIM_vs_eSIM.jpg"", ""_wp_attachment_metadata"": ""a:6:{s:5:\""width\"";i:2560;s:6:\""height\"";i:1105;s:4:\""file\"";s:32"
3284,attachment,inherit,https://commscloud.com/kigen-and-flolive-webinar/,Kigen and floLIVE Webinar,title,Kigen and floLIVE Webinar
3284,attachment,inherit,https://commscloud.com/kigen-and-flolive-webinar/,Kigen and floLIVE Webinar,content,"ain choices; Multi-IMSI, and eUICC. Join Curtis Govan, President- Americas at floLIVE and Jean-Philippe Betoin - Senior Vice President of Business Development and Ecosystem at Kigen for a webinar ex"
3284,attachment,inherit,https://commscloud.com/kigen-and-flolive-webinar/,Kigen and floLIVE Webinar,meta_json,"{""_wp_attached_file"": ""2024/07/Kigen-and-floLIVE-Webinar.jpeg"", ""_wp_attachment_metadata"": ""a:6:{s:5:\""width\"";i:1336;s:6:\""height\"";i:605;s:4:\""file\"";s:38:\""20"
3498,attachment,inherit,https://commscloud.com/idc_flolive_solving-connectivity-for-next-gen-fleet-telematics/,IDC_floLIVE_Solving Connectivity for Next-Gen Fleet Telematics,title,IDC_floLIVE_Solving Connectivity for Next-Gen Fleet Telematics
3498,attachment,inherit,https://commscloud.com/idc_flolive_solving-connectivity-for-next-gen-fleet-telematics/,IDC_floLIVE_Solving Connectivity for Next-Gen Fleet Telematics,meta_json,"{""_wp_attached_file"": ""2024/10/IDC_floLIVE_Solving-Connectivity-for-Next-Gen-Fleet-Telematics.pdf"", ""_wp_attachment_metadata"": ""a:1:{s:8:\""filesize\"";i:362"
3499,attachment,inherit,https://commscloud.com/idc_flolive_solving-connectivity-for-next-gen-fleet-telematics-2/,IDC_floLIVE_Solving Connectivity for Next-Gen Fleet Telematics,title,IDC_floLIVE_Solving Connectivity for Next-Gen Fleet Telematics
3499,attachment,inherit,https://commscloud.com/idc_flolive_solving-connectivity-for-next-gen-fleet-telematics-2/,IDC_floLIVE_Solving Connectivity for Next-Gen Fleet Telematics,meta_json,"{""_wp_attached_file"": ""2024/10/IDC_floLIVE_Solving-Connectivity-for-Next-Gen-Fleet-Telematics-1.pdf"", ""_wp_attachment_metadata"": ""a:1:{s:8:\""filesize\"";i:3"
3870,attachment,inherit,https://commscloud.com/flolive_commscloud-the-rising-demand-of-volte-in-iot/,FloLIVE_CommsCloud - The Rising Demand of VoLTE in IoT,title,FloLIVE_CommsCloud - The Rising Demand of VoLTE in IoT
3870,attachment,inherit,https://commscloud.com/flolive_commscloud-the-rising-demand-of-volte-in-iot/,FloLIVE_CommsCloud - The Rising Demand of VoLTE in IoT,meta_json,"{""_wp_attached_file"": ""2025/01/FloLIVE_CommsCloud-The-Rising-Demand-of-VoLTE-in-IoT.pdf"", ""_wp_attachment_metadata"": ""a:1:{s:8:\""filesize\"";i:1491628;}"
6001,attachment,inherit,https://commscloud.com/oem-library-2/oem-library/attachment/flolive_lot_deployment_blog_2560x1105-2048x884/,floLive_loT_Deployment_Blog_2560x1105-2048x884,title,floLive_loT_Deployment_Blog_2560x1105-2048x884
6001,attachment,inherit,https://commscloud.com/oem-library-2/oem-library/attachment/flolive_lot_deployment_blog_2560x1105-2048x884/,floLive_loT_Deployment_Blog_2560x1105-2048x884,meta_json,"{""_wp_attached_file"": ""2025/11/floLive_loT_Deployment_Blog_2560x1105-2048x884-1.jpg"", ""_wp_attachment_metadata"": ""a:6:{s:5:\""width\"";i:2048;s:6:\""heigh"
4035,elementor_library,publish,https://commscloud.com/?elementor_library=elementor-header-4035,Elementor Header #4035,content,"><a href=""https://commscloud.com/the-best-iot-sim-card/commscloud-partners-with-flolive/"">CommsCloud Partner</a></ul> </li> <li id=""menu-item-4062"" data-vertical-menu=750px><a href=""https://commscloud"
4319,elementskit_content,publish,https://commscloud.com/elementskit-content/dynamic-content-megamenu-menuitem4315/,dynamic-content-megamenu-menuitem4315,content,"iews/iot-trends/iot-in-action/"">IoT In Action: 5 Questions with Nir Shalom, CEO FloLive.</a></li> <li id=""menu-item-4336"" data-vertical-menu=750px><a href=""https://commscloud.com/news-and-views/ict/th"
4940,elementor_library,publish,https://commscloud.com/?elementor_library=home-existing-template,Home Existing Template,content,"as eUICC profiles?</a> <p>The quick answer is, no. While <a href=""https://flolive.net/blog/glossary/what-is-an-euicc/"">an eUICC SIM</a> can hold multiple operator profiles, you can’t switch seam"
4940,elementor_library,publish,https://commscloud.com/?elementor_library=home-existing-template,Home Existing Template,meta_json,"pan class=\\\""apple-converted-space\\\"">\\u00a0<\\/span><a href=\\\""https:\\/\\/flolive.net\\/blog\\/glossary\\/what-is-an-euicc\\/\\\"">an eUICC SIM<\\/a><span class=\\\""apple-converted-space\\\"">\\u0"
4943,elementor_library,publish,https://commscloud.com/?elementor_library=home-new-template,Home New Template,content,"as eUICC profiles?</a> <p>The quick answer is, no. While <a href=""https://flolive.net/blog/glossary/what-is-an-euicc/"">an eUICC SIM</a> can hold multiple operator profiles, you can’t switch seam"
4943,elementor_library,publish,https://commscloud.com/?elementor_library=home-new-template,Home New Template,meta_json,"pan class=\\\""apple-converted-space\\\"">\\u00a0<\\/span><a href=\\\""https:\\/\\/flolive.net\\/blog\\/glossary\\/what-is-an-euicc\\/\\\"">an eUICC SIM<\\/a><span class=\\\""apple-converted-space\\\"">\\u0"
6452,metform-entry,publish,https://commscloud.com/?metform-entry=entry-71,Entry # 71,meta_json,"\""KEITA\"";s:8:\""mf-email\"";s:16:\""diama@ineema.com\"";s:10:\""mf-subject\"";s:56:\""floLIVE enquiry – INEEMA IoT connectivity requirements\"";s:9:\""mf-number\"";s:11:\""22378576435\"";s:10:\""mf-comment\"";s:93"
231,page,publish,https://commscloud.com/,"IoT Connectivity for Africa — Multi-IMSI, Cross-Border | CommsCloud",content,"the same as eUICC profiles?</a> The quick answer is, no. While <a href=""https://flolive.net/blog/glossary/what-is-an-euicc/"" rel=""nofollow"">an eUICC SIM</a> can hold multiple operator profiles, you ca"
231,page,publish,https://commscloud.com/,"IoT Connectivity for Africa — Multi-IMSI, Cross-Border | CommsCloud",meta_json,"pan class=\\\""apple-converted-space\\\"">\\u00a0<\\/span><a href=\\\""https:\\/\\/flolive.net\\/blog\\/glossary\\/what-is-an-euicc\\/\\\"" rel=\\\""nofollow\\\"">an eUICC SIM<\\/a><span class=\\\""apple-con"
1163,page,publish,https://commscloud.com/more-info/,More Info about CommsCloud,content,"over eUICC-based platforms.</p><p>Unique Device Protection – floSIM powered by floLIVE’s highly secure core network, and with its patented security technology, offers truly ironclad data and device p"
1163,page,publish,https://commscloud.com/more-info/,More Info about CommsCloud,meta_json,"ICC-based platforms.<\\/p><p>Unique Device Protection \\u2013 floSIM powered by floLIVE\\u2019s highly secure core network, and with its patented security technology, offers truly ironclad data and de"
1966,page,publish,https://commscloud.com/the-best-iot-sim-card/utilities/,IoT SIM Cards for Utilities and Smart Grid Solutions,content,"29.jpeg"" alt="""" width=""761"" height=""327"" /></p><p>Rony Cohen - <a href=""https://flolive.net/"">floLIVE</a> </p><p><strong>Ensure seamless connectivity with IoT SIM Cards for Utilities to empower smart"
1966,page,publish,https://commscloud.com/the-best-iot-sim-card/utilities/,IoT SIM Cards for Utilities and Smart Grid Solutions,meta_json,"\\""761\\\"" height=\\\""327\\\"" \\/><\\/p><p>Rony Cohen - <a href=\\\""https:\\/\\/flolive.net\\/\\\"">floLIVE<\\/a>\\u00a0<\\/p><div class=\\\""elementor-element elementor-element-08da549 elementor-widget"
2032,page,publish,https://commscloud.com/the-best-iot-sim-card/cat-m-vs-nb-iot-the-differences/,CAT-M vs NB-IoT for IoT SIM Cards | Differences and Applications,content,"x91.jpeg"" alt="""" width=""1375"" height=""417"" /></p><p><strong><em>By Rony Cohen | floLIVE</em></strong> </p><p><strong>Explore the differences between NB-IoT and Cat-M, focusing on IoT SIM cards for enh"
2032,page,publish,https://commscloud.com/the-best-iot-sim-card/cat-m-vs-nb-iot-the-differences/,CAT-M vs NB-IoT for IoT SIM Cards | Differences and Applications,meta_json,"width=\\\""1375\\\"" height=\\\""417\\\"" \\/><\\/p><p><strong><em>By Rony Cohen | floLIVE<\\/em><\\/strong>\\u00a0<\\/p><p><strong>Explore the differences between NB-IoT and Cat-M, focusing on IoT SIM c"
2038,page,publish,https://commscloud.com/the-best-iot-sim-card/sim-technology/,CloudConnect SIM Technology – 1st in IoT SIM Card Technology,content,"the IoT SaaS technology provided by our technology provider <a href=""http://www.flolive.net"">floLIVE</a>, and their patented technology for Remote SIM Provisioning (RSP), these cards offer a more cost"
2038,page,publish,https://commscloud.com/the-best-iot-sim-card/sim-technology/,CloudConnect SIM Technology – 1st in IoT SIM Card Technology,meta_json,"SaaS technology provided by our technology provider <a href=\\\""http:\\/\\/www.flolive.net\\\"">floLIVE<\\/a>, and their patented technology for Remote SIM Provisioning (RSP), these cards offer a more"
5011,page,draft,https://commscloud.com/?page_id=5011,Home New Template,content,"as eUICC profiles?</a> <p>The quick answer is, no. While <a href=""https://flolive.net/blog/glossary/what-is-an-euicc/"">an eUICC SIM</a> can hold multiple operator profiles, you can’t switch seam"
5011,page,draft,https://commscloud.com/?page_id=5011,Home New Template,meta_json,"pan class=\\\""apple-converted-space\\\"">\\u00a0<\\/span><a href=\\\""https:\\/\\/flolive.net\\/blog\\/glossary\\/what-is-an-euicc\\/\\\"">an eUICC SIM<\\/a><span class=\\\""apple-converted-space\\\"">\\u0"
1649,page,publish,https://commscloud.com/the-best-iot-sim-card/,"Best IoT SIM Card for Africa: Autonomous Switching, Multi-IMSI Resilience",content,"across borders. This multi-IMSI approach running on top of <a href=""http://www.flolive.net"" target=""_blank"" rel=""noopener"">floLIVE's</a> world-class Cloud Native IoT Infrastructure with a separate Co"
1649,page,publish,https://commscloud.com/the-best-iot-sim-card/,"Best IoT SIM Card for Africa: Autonomous Switching, Multi-IMSI Resilience",meta_json,"rs. This multi-IMSI approach running on top of\\u00a0<a href=\\\""http:\\/\\/www.flolive.net\\\"" target=\\\""_blank\\\"" rel=\\\""noopener\\\"">floLIVE's<\\/a> world-class Cloud Native IoT Infrastructure w"
1650,page,publish,https://commscloud.com/iot-connectivity-in-africa/iot-connectivity/,Overcoming Cross Border IoT Connectivity Challenges for Fleet Management: A Positive Outlook,content,"Cross Border IoT Connectivity[/caption]<p>by Curtis Govan | <a href=""http://www.flolive.net"">floLIVE </a></p><h2>Cross Border IoT Connectivity: The Driving Force Behind Fleet IoT Innovation</h2><p>The"
1650,page,publish,https://commscloud.com/iot-connectivity-in-africa/iot-connectivity/,Overcoming Cross Border IoT Connectivity Challenges for Fleet Management: A Positive Outlook,meta_json,"ate news-single__date bd-right\\\"">by Curtis Govan | <a href=\\\""http:\\/\\/www.flolive.net\\\"">floLIVE\\u00a0<\\/a><\\/p><h2>Cross Border IoT Connectivity: The Driving Force Behind Fleet IoT Innovati"
1951,page,publish,https://commscloud.com/the-best-iot-sim-card/iot-sim-cards-for-africa/,IoT SIM Cards that place Africa's Unique Connectivity Needs 1st,content,"nmatched efficiency and reliability you can trust. Built using <a href=""https://flolive.net/flonet/"">floLIVE's</a> superior resilient cloud-native IoT infrastructure, our competitive pay-as-you-go, no"
1951,page,publish,https://commscloud.com/the-best-iot-sim-card/iot-sim-cards-for-africa/,IoT SIM Cards that place Africa's Unique Connectivity Needs 1st,meta_json,"d efficiency and reliability you can trust. Built using <a href=\\\""https:\\/\\/flolive.net\\/flonet\\/\\\"">floLIVE's<\\/a> superior resilient cloud-native IoT infrastructure, our competitive pay-as-y"
2193,page,publish,https://commscloud.com/the-best-iot-sim-card/commscloud-partners-with-flolive/,IoT Connectivity for Africa,content,"IoT Connectivity Capacity for Africa </h2><p>CommsCloud, in collaboration with floLIVE, has significantly reshaped the landscape of IoT connectivity across Africa, demonstrating a profound commitment"
2193,page,publish,https://commscloud.com/the-best-iot-sim-card/commscloud-partners-with-flolive/,IoT Connectivity for Africa,excerpt,24-04-24 CommsCloud floLIVE Case Study
2193,page,publish,https://commscloud.com/the-best-iot-sim-card/commscloud-partners-with-flolive/,IoT Connectivity for Africa,meta_json,"ty Capacity for Africa\\u00a0\\u00a0<\\/h2><p>CommsCloud, in collaboration with floLIVE, has significantly reshaped the landscape of IoT connectivity across Africa, demonstrating a profound commitment"
2399,page,publish,https://commscloud.com/oem-library-2/gsm-modems/,IoT Devices - Why The Right GSM Modem Matters For Connectivity,content,"</table><h2>Real-World Applications and Case Studies</h2><p><a href=""https://go.flolive.net/case-study-streamline-boosts-livestock-traceability-with-nb-iot-and-satellite-connectivity""><strong>Case Stu"
2399,page,publish,https://commscloud.com/oem-library-2/gsm-modems/,IoT Devices - Why The Right GSM Modem Matters For Connectivity,meta_json,"h2>Real-World Applications and Case Studies<\\/h2><p><a href=\\\""https:\\/\\/go.flolive.net\\/case-study-streamline-boosts-livestock-traceability-with-nb-iot-and-satellite-connectivity\\\""><strong>Cas"
2948,page,publish,https://commscloud.com/the-best-iot-sim-card/monitoring-with-iot-sim-cards/,IoT SIM Cards - First Choice for Remote Monitoring Solutions,content,"heat-resistant, and tamper-proof.</p><p>By partnering with <a href=""http://www.flolive.net"">floLIVE</a> and using their unique patented SIM applet and remote SIM provisioning capability, CommsCloud a"
2948,page,publish,https://commscloud.com/the-best-iot-sim-card/monitoring-with-iot-sim-cards/,IoT SIM Cards - First Choice for Remote Monitoring Solutions,meta_json,"istant, and tamper-proof.<\\/p><p>By partnering with <a href=\\\""http:\\/\\/www.flolive.net\\\"">floLIVE<\\/a> and using their unique patented SIM applet and remote SIM provisioning capability, CommsCl"
3250,page,publish,https://commscloud.com/the-best-iot-sim-card/esim-vs-isim/,ESIM Vs ISIM: incl. 5 Use Cases for eSIM,content,"center"" width=""949""]<img src=""https://commscloud.com/wp-content/uploads/2024/07/floLive_iSIM_vs_eSIM-300x129.jpg"" alt=""eSIM vs iSIM: The Touchless SIM"" width=""949"" height=""408"" /> eSIM vs iSIM[/captio"
3250,page,publish,https://commscloud.com/the-best-iot-sim-card/esim-vs-isim/,ESIM Vs ISIM: incl. 5 Use Cases for eSIM,excerpt,May 16 Asaf Gigi | www.flolive.net Read in a blog from the Sales Director at our partner floLIVE where he sets the scene by explaining the diff
3250,page,publish,https://commscloud.com/the-best-iot-sim-card/esim-vs-isim/,ESIM Vs ISIM: incl. 5 Use Cases for eSIM,meta_json,"252\\\"" src=\\\""https:\\/\\/commscloud.com\\/wp-content\\/uploads\\/2024\\/07\\/floLive_iSIM_vs_eSIM-300x129.jpg\\\"" alt=\\\""eSIM vs iSIM: The Touchless SIM\\\"" width=\\\""949\\\"" height=\\\""408\\\"" \\"
3500,page,publish,https://commscloud.com/iot-connectivity-in-africa/fleet-management/,IoT SIM for Fleet Management in Africa: The Future of Fleet Management,content,"infrastructure, and management systems in real time.</p><p><a href=""http://www,flolive.net"">floLIVE</a>, CommsCloud’s IoT Infrastructure Partner is committed to supporting this future vision, providi"
3500,page,publish,https://commscloud.com/iot-connectivity-in-africa/fleet-management/,IoT SIM for Fleet Management in Africa: The Future of Fleet Management,meta_json,"ucture, and management systems in real time.<\\/p><p><a href=\\\""http:\\/\\/www,flolive.net\\\"">floLIVE<\\/a>, CommsCloud\\u2019s IoT Infrastructure Partner is committed to supporting this future visi"
5501,page,publish,https://commscloud.com/iot-connectivity-in-africa/cellular-connectivity-solutions/,Cellular Connectivity Solutions For Dash Cams: Your Guide,content,"47"">What makes the difference is not just coverage, but our <a href=""http://www.flolive.net"" target=""_blank"" rel=""noopener"">floLIVE</a> powered <strong>IOT</strong> <strong data-start=""3630"" data-end="
5501,page,publish,https://commscloud.com/iot-connectivity-in-africa/cellular-connectivity-solutions/,Cellular Connectivity Solutions For Dash Cams: Your Guide,meta_json,"t makes the difference is not just coverage, but our <a href=\\\""http:\\/\\/www.flolive.net\\\"" target=\\\""_blank\\\"" rel=\\\""noopener\\\"">floLIVE<\\/a> powered <strong>IOT<\\/strong> <strong data-sta"
5574,page,publish,https://commscloud.com/iot-sim-card/iot-data-plans/,IoT Data Plans for Dashcams in Africa: How to Stay Online With No Roaming and No Downtime,content,"""3255"" data-end=""3334"">CommsCloud Cloud Connect SIMs powered by <a href=""http://flolive.net"" rel=""nofollow"">floLIVE’s solution</a> is built specifically for this environment:</p> <ul data-start=""3336"""
5574,page,publish,https://commscloud.com/iot-sim-card/iot-data-plans/,IoT Data Plans for Dashcams in Africa: How to Stay Online With No Roaming and No Downtime,meta_json,"nd=\\\""3334\\\"">CommsCloud Cloud Connect SIMs powered by <a href=\\\""http:\\/\\/flolive.net\\\"" rel=\\\""nofollow\\\"">floLIVE\\u2019s solution<\\/a> is built specifically for this environment:<\\/p>\\n"
4773,page,publish,https://commscloud.com/faq/,"IoT Connectivity FAQ — Cross-Border, Multi-IMSI, Africa | CommsCloud",content,"as eUICC profiles?</a> <p>The quick answer is, no. While <a href=""https://flolive.net/blog/glossary/what-is-an-euicc/"">an eUICC SIM</a> can hold multiple operator profiles, you can’t switch seam"
4773,page,publish,https://commscloud.com/faq/,"IoT Connectivity FAQ — Cross-Border, Multi-IMSI, Africa | CommsCloud",meta_json,"pan class=\\\""apple-converted-space\\\"">\\u00a0<\\/span><a href=\\\""https:\\/\\/flolive.net\\/blog\\/glossary\\/what-is-an-euicc\\/\\\"">an eUICC SIM<\\/a><span class=\\\""apple-converted-space\\\"">\\u0"
5711,page,publish,https://commscloud.com/connectivity-management-portal/,Inside CommsCloud’s CMP. Why Every IoT Provider Needs a Connectivity Management Portal.,content,"nnectivity Management Portal (CMP)</strong>. The CommsCloud CMP—<a href=""http://flolive.net"">powered by floLIVE</a>—has been designed and shaped to meet the complexity of Africa and the global demands"
5711,page,publish,https://commscloud.com/connectivity-management-portal/,Inside CommsCloud’s CMP. Why Every IoT Provider Needs a Connectivity Management Portal.,excerpt,"der needs a Connectivity Management Portal (CMP). The CommsCloud CMP—powered by floLIVE—has been designed and shaped to meet the complexity of Africa and the global demands of IoT, providing providers"
5711,page,publish,https://commscloud.com/connectivity-management-portal/,Inside CommsCloud’s CMP. Why Every IoT Provider Needs a Connectivity Management Portal.,meta_json,"gement Portal (CMP)<\\/strong>. The CommsCloud CMP\\u2014<a href=\\\""http:\\/\\/flolive.net\\\"">powered by floLIVE<\\/a>\\u2014has been designed and shaped to meet the complexity of Africa and the glo"
5731,page,publish,https://commscloud.com/private-apn-vpn/,"Private APNs &amp; VPNs for IoT — Secure, Scalable, and Built for Africa",content,"here <strong data-start=""664"" data-end=""690"">CommsCloud and <a href=""http://www.flolive.net"">floLIVE</a></strong> come in. We deliver <strong data-start=""714"" data-end=""769"">dedicated, encrypted, and"
5731,page,publish,https://commscloud.com/private-apn-vpn/,"Private APNs &amp; VPNs for IoT — Secure, Scalable, and Built for Africa",excerpt,"ork and no middlemen.That’s where Private APNs and IoT VPNs from CommsCloud and floLIVE come in. We deliver dedicated, encrypted, and locally routed data paths on our regional IMSI profiles — built fo"
5731,page,publish,https://commscloud.com/private-apn-vpn/,"Private APNs &amp; VPNs for IoT — Secure, Scalable, and Built for Africa",meta_json,"tart=\\\""664\\\"" data-end=\\\""690\\\"">CommsCloud and <a href=\\\""http:\\/\\/www.flolive.net\\\"">floLIVE<\\/a><\\/strong> come in.\\u00a0We deliver <strong data-start=\\\""714\\\"" data-end=\\\""769\\\"">d"
5762,page,publish,https://commscloud.com/commscloud-pricing/,CommsCloud Pricing Explained: Transparent. Scalable. Built for Africa.,content,"=""2454"" data-end=""2551"">Access to the <strong data-start=""2470"" data-end=""2512"">floLIVE connectivity management portal</strong> – control, visibility, and reporting.</td><td data-col-size=""md"" data-st"
5762,page,publish,https://commscloud.com/commscloud-pricing/,CommsCloud Pricing Explained: Transparent. Scalable. Built for Africa.,meta_json,"\\""2551\\\"">Access to the <strong data-start=\\\""2470\\\"" data-end=\\\""2512\\\"">floLIVE connectivity management portal<\\/strong> \\u2013 control, visibility, and reporting.<\\/td><td data-col-size=\\"
5886,page,publish,https://commscloud.com/oem-library-2/oem-library/,"Hardware Onboarding, OEM Library &amp; Partnerships",content,"ata-end=""3390"">These standards align with findings from the <a href=""https://go.flolive.net/watch-webinar-kaleido-interview-the-enterprise-push-for-localized-iot?"" rel=""nofollow""><strong>Kaleido Conne"
5886,page,publish,https://commscloud.com/oem-library-2/oem-library/,"Hardware Onboarding, OEM Library &amp; Partnerships",meta_json,"padding: 0px;\\\"">align with findings from the\\u00a0<a href=\\\""https:\\/\\/go.flolive.net\\/watch-webinar-kaleido-interview-the-enterprise-push-for-localized-iot?\\\"" rel=\\\""nofollow\\\""><strong>Ka"
6385,page,publish,https://commscloud.com/cellular-iot-solutions/fleet-connectivity-for-africa/,Fleet Connectivity for Africa - why it breaks at the Border — And What Operators Can Do About It,content,"tead of relying on a single roaming identity, modern fleets deploy options like floLIVE's <a href=""https://flolive.net/multi-imsi-sim/""><strong data-start=""5371"" data-end=""5390"">multi-IMSI SIMs</stron"
6385,page,publish,https://commscloud.com/cellular-iot-solutions/fleet-connectivity-for-africa/,Fleet Connectivity for Africa - why it breaks at the Border — And What Operators Can Do About It,meta_json,"tead of relying on a single roaming identity, modern fleets deploy options like floLIVE's <a href=\\\""https:\\/\\/flolive.net\\/multi-imsi-sim\\/\\\""><strong data-start=\\\""5371\\\"" data-end=\\\""5390\"
6801,page,publish,https://commscloud.com/connected-things/cross-border-iot-connectivity-african-logistics/,Cross-border IoT Connectivity African Logistics,content,ts in the African stack</h2><p>We are the African layer atop a global core. The floLIVE Core Network gives us a global infrastructure footprint - that's where the 686 MNOs and 11 IMSI provider relatio
6801,page,publish,https://commscloud.com/connected-things/cross-border-iot-connectivity-african-logistics/,Cross-border IoT Connectivity African Logistics,meta_json,"space-normal leading-[1.7]\\\"">We are the African layer atop a global core. The floLIVE Core Network gives us a global infrastructure footprint - that's where the 686 MNOs and 11 IMSI provider relatio"
1950,page,trash,https://commscloud.com/?page_id=1950,IoT SIM Card for Smart Cities - Enhancing Connectivity and Efficiency,content,ht/digital-security/smart-cities-powered-by-cellular-connectivity</p><p>https://flolive.net/blog/how-can-iot-connectivity-enhance-a-smart-city/ </p> <p>&nbsp;</p> <h2>IoT SIM Cards: Key to Smart Cit
1950,page,trash,https://commscloud.com/?page_id=1950,IoT SIM Card for Smart Cities - Enhancing Connectivity and Efficiency,meta_json,"al-security\\/smart-cities-powered-by-cellular-connectivity<\\/p><p>https:\\/\\/flolive.net\\/blog\\/how-can-iot-connectivity-enhance-a-smart-city\\/\\u00a0<\\/p>\"",\""pa_condition_repeater\"":[]},\""ele"
5585,page,trash,https://commscloud.com/?page_id=5585,Smart Devices Networking: Understanding Connectivity And Integration,content,"=""2426"" data-end=""2448"">Cloud Connect SIMs</strong>, powered by <a href=""http://flolive.net"">floLIVE’s</a> multi-IMSI, multi-core infrastructure, are designed for <strong data-start=""2527"" data-end=""2"
5585,page,trash,https://commscloud.com/?page_id=5585,Smart Devices Networking: Understanding Connectivity And Integration,meta_json,"d=\\\""2448\\\"">Cloud Connect SIMs<\\/strong>, powered by <a href=\\\""http:\\/\\/flolive.net\\\"">floLIVE\\u2019s<\\/a> multi-IMSI, multi-core infrastructure, are designed for <strong data-start=\\\""252"
952,post,publish,https://commscloud.com/news-and-views/ict/these-are-the-best-and-worst-mobile-networks-in-south-africa/,Best and worst mobile networks in South Africa.,content,"rong>, powered by <strong data-start=""4595"" data-end=""4630""><a href=""http://www.flolive.net"">floLIVE’s</a> multi-IMSI technology</strong>, leverage these top-performing networks to deliver <strong dat"
952,post,publish,https://commscloud.com/news-and-views/ict/these-are-the-best-and-worst-mobile-networks-in-south-africa/,Best and worst mobile networks in South Africa.,meta_json,"strong data-start=\\\""4595\\\"" data-end=\\\""4630\\\""><a href=\\\""http:\\/\\/www.flolive.net\\\"">floLIVE\\u2019s<\\/a> multi-IMSI technology<\\/strong>, leverage these top-performing networks to delive"
955,post,publish,https://commscloud.com/news-and-views/iot-trends/iot-in-action/,"IoT In Action: 5 Questions with Nir Shalom, CEO FloLive.",title,"IoT In Action: 5 Questions with Nir Shalom, CEO FloLive."
955,post,publish,https://commscloud.com/news-and-views/iot-trends/iot-in-action/,"IoT In Action: 5 Questions with Nir Shalom, CEO FloLive.",content,"loads/2022/07/Nir-Shalom.jpeg"" alt=""Nir Shalom"" width=""180"" height=""180"" /> CEO floLIVE[/caption] <p>13th October - Allen Proithis</p> <!-- /wp:paragraph --><!-- wp:paragraph --> <p>Q1: Please introdu"
955,post,publish,https://commscloud.com/news-and-views/iot-trends/iot-in-action/,"IoT In Action: 5 Questions with Nir Shalom, CEO FloLive.",excerpt,13th October &#8211; Allen Proithis Q1: Please introduce us to FloLive. What does the company do and what makes FloLive different? A1: FloLive provides the global connectivity and net
955,post,publish,https://commscloud.com/news-and-views/iot-trends/iot-in-action/,"IoT In Action: 5 Questions with Nir Shalom, CEO FloLive.",meta_json,"p_old_slug"": ""iot-in-action-5-questions-with-nir-shalom-chief-executive-officer-flolive"", ""dws_seo_meta"": ""a:0:{}"", ""_elementor_edit_mode"": ""builder"", ""_elementor_template_type"": ""wp-post"", ""_elemento"
1615,post,publish,https://commscloud.com/the-best-iot-sim-card/esim-vs-isim/euicc-features-benefits/,eUICC Benefits for IoT Connectivity,content,<h2>eUICC for IoT sim cards (published by floLIVE) </h2> <p><strong>eUICC transforms IoT connectivity by allowing remote provisioning and seamless switching of SI
1615,post,publish,https://commscloud.com/the-best-iot-sim-card/esim-vs-isim/euicc-features-benefits/,eUICC Benefits for IoT Connectivity,meta_json,"\""widget\"",\""settings\"":{\""editor\"":\""<h2>eUICC for IoT sim cards (published by floLIVE)\\u00a0<\\/h2>\\n<p><strong>eUICC transforms IoT connectivity by allowing remote provisioning and seamless switc"
1632,post,publish,https://commscloud.com/the-best-iot-sim-card/iot-sim-cards-for-africa/network-steering/,The Essential Guide to IoT Steering and Connectivity,content,"eeds of IoT businesses, CommsCloud utilises our Connectivity Technology Partner floLIVE’s comprehensive solution that integrates all three steering methods into a single platform. This approach allows"
1632,post,publish,https://commscloud.com/the-best-iot-sim-card/iot-sim-cards-for-africa/network-steering/,The Essential Guide to IoT Steering and Connectivity,meta_json,"uote class=\""wp-embedded-content\"" data-secret=\""KfJ8RsCC7w\""><a href=\""https://flolive.net/blog/glossary/to-steer-or-not-to-steer/\"">To Steer or not to Steer?</a></blockquote><iframe class=\""wp-embed"
1756,post,publish,https://commscloud.com/the-best-iot-sim-card/what-is-an-isim/,iSIM Explained: What is an iSIM?,content,"oud Use iSIM?</h2><p>At CommsCloud, we have chosen to work with <a href=""http://flolive.net"">floLIVE</a> and their partners Kigen and Sony Semiconductors to use their unique IMSI library with iSIM. Th"
1756,post,publish,https://commscloud.com/the-best-iot-sim-card/what-is-an-isim/,iSIM Explained: What is an iSIM?,meta_json,"SIM?<\\/h2><p>At CommsCloud, we have chosen to work with <a href=\\\""http:\\/\\/flolive.net\\\"">floLIVE<\\/a> and their partners Kigen and Sony Semiconductors to use their unique IMSI library with iSI"
1824,post,publish,https://commscloud.com/news-and-views/iot-trends/satellite-connectivity/,Mastering Satellite IoT Connectivity,content,", 800px"" /> <p>August 30 | By Curtis Govan - <a href=""http://www.flolive.net"">floLIVE</a></p><p>Satellite connectivity extends coverage to achieve global connectivity, a critical advanc"
1824,post,publish,https://commscloud.com/news-and-views/iot-trends/satellite-connectivity/,Mastering Satellite IoT Connectivity,meta_json,"ngs\"":{\""editor\"":\""<p>August 30 | By Curtis Govan - <a href=\\\""http:\\/\\/www.flolive.net\\\"">floLIVE<\\/a><\\/p><p>Satellite connectivity extends coverage to achieve global connectivity, a critical"
1848,post,publish,https://commscloud.com/the-best-iot-sim-card/africa-iot/,Africa IoT Potential: A Booming Continent with Massive Opportunities,content,devices operating across multiple African countries.</p><p>In partnership with floLIVE—the largest IoT infrastructure player (SaaS) in the world—CommsCloud has leveraged this approach to deliver glob
1848,post,publish,https://commscloud.com/the-best-iot-sim-card/africa-iot/,Africa IoT Potential: A Booming Continent with Massive Opportunities,meta_json,evices operating across multiple African countries.<\\/p><p>In partnership with floLIVE\\u2014the largest IoT infrastructure player (SaaS) in the world\\u2014CommsCloud has leveraged this approach to
1653,post,publish,https://commscloud.com/the-best-iot-sim-card/cloud-connect-sim-card/,Cloud Connect SIM Card Solutions,content,"CloudSIM. It is CommsCloud's own-designed, Africa-first SIM platform — built on floLIVE's global Hyper-local infrastructure and provisioned through CommsCloud's Cloud Connect CMP.</p><blockquote><p><s"
1653,post,publish,https://commscloud.com/the-best-iot-sim-card/cloud-connect-sim-card/,Cloud Connect SIM Card Solutions,meta_json,"IM. It is CommsCloud's own-designed, Africa-first SIM platform \\u2014 built on floLIVE's global Hyper-local infrastructure and provisioned through CommsCloud's Cloud Connect CMP.<\\/p><blockquote cla"
1800,post,publish,https://commscloud.com/the-best-iot-sim-card/esim-and-euicc-on-iot/,eUICC vs eSIM: The Impact on IoT Connectivity and Deployment,content,"eg"" alt="""" width=""754"" height=""229"" /></p><p>Curtis Govan | <a href=""http://www.flolive.net"">floLIVE</a> </p><p><strong>eSIM and eUICC IoT are revolutionising Africa's connectivity by providing secure"
1800,post,publish,https://commscloud.com/the-best-iot-sim-card/esim-and-euicc-on-iot/,eUICC vs eSIM: The Impact on IoT Connectivity and Deployment,meta_json,"4\\\"" height=\\\""229\\\"" \\/><\\/p><p>Curtis Govan | <a href=\\\""http:\\/\\/www.flolive.net\\\"">floLIVE<\\/a>\\u00a0<\\/p><p><strong>eSIM and eUICC IoT are revolutionising Africa's connectivity by pro"
1982,post,publish,https://commscloud.com/the-best-iot-sim-card/iot-sim-cards-for-africa/multi-imsi/,Is Your Multi-IMSI IoT SIM Card Solution Truly Effective?,content,"="""" width=""799"" height=""285"" /></p><p>by Luigi Capobianco | <a href=""http://www.flolive.net"">floLIVE</a> </p><p><strong>Experience seamless, reliable connectivity across borders for global IoT operati"
1982,post,publish,https://commscloud.com/the-best-iot-sim-card/iot-sim-cards-for-africa/multi-imsi/,Is Your Multi-IMSI IoT SIM Card Solution Truly Effective?,meta_json,"lass=\\\""news-single__team\\\"">by Luigi Capobianco | <a href=\\\""http:\\/\\/www.flolive.net\\\"">floLIVE<\\/a>\\u00a0<\\/p><p><strong>Experience seamless, reliable connectivity across borders for globa"
3277,post,publish,https://commscloud.com/the-best-iot-sim-card/esim-vs-isim/imsi-vs-euicc/,IMSI and eUICC – Multi-IMSI vs eUICC: Exploring Global Connectivity Options,content,"nectivity Options"" width=""898"" height=""386"" /> by Luigi Capobianco - Senior VP @floLIVE[/caption]<p><strong>Multi-IMSI and eUICC facilitate seamless IoT connectivity, offering cost-effective and versa"
3277,post,publish,https://commscloud.com/the-best-iot-sim-card/esim-vs-isim/imsi-vs-euicc/,IMSI and eUICC – Multi-IMSI vs eUICC: Exploring Global Connectivity Options,meta_json,"\\\"" \\/> <span style=\\\""font-size: 16px;\\\"">by Luigi Capobianco - Senior VP @floLIVE<\\/span>[\\/caption]<p><strong>Multi-IMSI and eUICC facilitate seamless IoT connectivity, offering cost-effectiv"
3428,post,publish,https://commscloud.com/the-best-iot-sim-card/cross-border-iot-connectivity/fleet-management/,The Future of Fleet Management and IoT Connectivity,content,"ia <a href=""https://www.abiresearch.com/"">ABI Research</a> and <a href=""https://flolive.net/"">floLIVE</a></p><p>Fleet management is no longer just about knowing where your vehicles are. It’s about cre"
3428,post,publish,https://commscloud.com/the-best-iot-sim-card/cross-border-iot-connectivity/fleet-management/,The Future of Fleet Management and IoT Connectivity,excerpt,agement: Expanding Use Cases and Connectivity Requirements via ABI Research and floLIVE Fleet management is no longer just about knowing where your vehicles are. It’s about creating a fully connected
3428,post,publish,https://commscloud.com/the-best-iot-sim-card/cross-border-iot-connectivity/fleet-management/,The Future of Fleet Management and IoT Connectivity,meta_json,"\\/\\/www.abiresearch.com\\/\\\"">ABI Research<\\/a> and <a href=\\\""https:\\/\\/flolive.net\\/\\\"">floLIVE<\\/a><\\/p><p>Fleet management is no longer just about knowing where your vehicles are. It\\u"
3446,post,publish,https://commscloud.com/the-best-iot-sim-card/iot-sim-cards-for-africa/iot-connectivity/,Transforming IoT Connectivity in Africa with CommsCloud,content,"ective, and unified business solution. Our partnership with <a href=""http://www.flolive.net"">floLIVE</a> and their <strong>multi-network, multi-IMSI technology</strong> ensures we can offer unparallel"
3446,post,publish,https://commscloud.com/the-best-iot-sim-card/iot-sim-cards-for-africa/iot-connectivity/,Transforming IoT Connectivity in Africa with CommsCloud,meta_json,"and unified business solution. Our partnership with <a href=\\\""http:\\/\\/www.flolive.net\\\"">floLIVE<\\/a> and their <span style=\\\""box-sizing: border-box; margin: 0px; padding: 0px;\\\""><strong>m"
3462,post,publish,https://commscloud.com/the-best-iot-sim-card/iot-sim-cards-for-africa/iot-connectivity-africa/,Unlocking Seamless IoT Connectivity: A Game-Changer for African Businesses,content,"ommsCloud’s IoT SIM cards, which offer global coverage with <a href=""http://www.flolive.net"">floLIVE's</a> <strong>40+ Core Network POPs</strong>.</p><p>Or consider <strong>remote asset monitoring</st"
3462,post,publish,https://commscloud.com/the-best-iot-sim-card/iot-sim-cards-for-africa/iot-connectivity-africa/,Unlocking Seamless IoT Connectivity: A Game-Changer for African Businesses,meta_json,"019s IoT SIM cards, which offer global coverage with <a href=\\\""http:\\/\\/www.flolive.net\\\"">floLIVE's<\\/a> <strong>40+ Core Network POPs<\\/strong><\\/span>.<\\/p><p>Or consider <strong>remote as"
3512,post,publish,https://commscloud.com/news-and-views/iot-trends/iot-cybersecurity/,IoT Cybersecurity: The Broadening Regulatory Landscape,content,<p>Article written by Ken Wells | floLIVE - July 2024</p><p>It’s interesting to see how the world is beginning to respond to the very critical topic of Io
3512,post,publish,https://commscloud.com/news-and-views/iot-trends/iot-cybersecurity/,IoT Cybersecurity: The Broadening Regulatory Landscape,excerpt,Article written by Ken Wells | floLIVE &#8211; July 2024 It’s interesting to see how the world is beginning to respond to the very critical topic of Io
3512,post,publish,https://commscloud.com/news-and-views/iot-trends/iot-cybersecurity/,IoT Cybersecurity: The Broadening Regulatory Landscape,meta_json,"lType\"":\""widget\"",\""settings\"":{\""editor\"":\""<p>Article written by Ken Wells | floLIVE - July 2024<\\/p><p>It\\u2019s interesting to see how the world is beginning to respond to the very critical top"
3637,post,publish,https://commscloud.com/the-best-iot-sim-card/future-of-fleet-management/,Why IoT Connectivity is Key to the Future of Fleet Management,content,"and augmented reality displays for drivers. CommsCloud uses <a href=""http://www.flolive.net"">floLIVE’s</a> Cloud Native IoT infrastructure, which is 5G-ready, ensuring that our client's fleets are pre"
3637,post,publish,https://commscloud.com/the-best-iot-sim-card/future-of-fleet-management/,Why IoT Connectivity is Key to the Future of Fleet Management,meta_json,"mented reality displays for drivers. CommsCloud uses <a href=\\\""http:\\/\\/www.flolive.net\\\"">floLIVE\\u2019s<\\/a> Cloud Native IoT infrastructure, which is 5G-ready, ensuring that our client's fle"
3795,post,publish,https://commscloud.com/the-best-iot-sim-card/video-telematics/,The Role of Video Telematics in Fleet Safety and Efficiency,content,"ural areas.</p><p>With CommsClouds Cloud Connect running on <a href=""http://www.flolive.net"">floLIVE's</a> global network of core POPs, CommsCloud provides seamless, multi-network coverage that adapts"
3795,post,publish,https://commscloud.com/the-best-iot-sim-card/video-telematics/,The Role of Video Telematics in Fleet Safety and Efficiency,meta_json,"s.<\\/p><p>With CommsClouds Cloud Connect running on <a href=\\\""http:\\/\\/www.flolive.net\\\"">floLIVE's<\\/a> global network of core POPs, CommsCloud provides seamless, multi-network coverage that a"
3871,post,publish,https://commscloud.com/the-best-iot-sim-card/volte-iot/,The Rising Demand of VoLTE in IoT: A New Era of Connectivity,content,"n of VoLTE</strong></h2> <p>At CommsCloud, aligned with our <a href=""http://www.flolive.net"">floLIVE</a> partnership, we are poised to harness VoLTE to enhance our IoT solutions across Africa. floLIVE"
3871,post,publish,https://commscloud.com/the-best-iot-sim-card/volte-iot/,The Rising Demand of VoLTE in IoT: A New Era of Connectivity,meta_json,"/strong><\\/h2>\\n<p>At CommsCloud, aligned with our <a href=\\\""http:\\/\\/www.flolive.net\\\"">floLIVE<\\/a> partnership, we are poised to harness VoLTE to enhance our IoT solutions across Africa. fl"
3954,post,publish,https://commscloud.com/onboarding-testing-iot-devices-hardware/iot-modems/,"How IoT Modems, SIM Cards, and Operators Work Together for Mobile Network Registration",content,"ntial.</p><p>As stated by Luigi Capobianco from our partner <a href=""http://www.flolive.net"">floLIVE</a>: ""Building connectivity into the design phase of an IoT (Internet of Things) project is crucial"
3954,post,publish,https://commscloud.com/onboarding-testing-iot-devices-hardware/iot-modems/,"How IoT Modems, SIM Cards, and Operators Work Together for Mobile Network Registration",meta_json,"/p><p>As stated by Luigi Capobianco from our partner <a href=\\\""http:\\/\\/www.flolive.net\\\"">floLIVE<\\/a>: \\\""Building connectivity into the design phase of an IoT (Internet of Things) project is"
4557,post,publish,https://commscloud.com/the-best-iot-sim-card/smart-mobility/,Smart Mobility Meets Smart Connectivity,content,".&nbsp;Backed by our partners,&nbsp;<a style=""color: #636898;"" href=""http://www.flolive.net/"" target=""_blank"" rel=""noopener"">floLIVE’s&nbsp;</a>global IoT infrastructure, you can rely on a world-class"
4557,post,publish,https://commscloud.com/the-best-iot-sim-card/smart-mobility/,Smart Mobility Meets Smart Connectivity,meta_json,"by our partners,&nbsp;<a style=\\\""color: #636898;\\\"" href=\\\""http:\\/\\/www.flolive.net\\/\\\"" target=\\\""_blank\\\"" rel=\\\""noopener\\\"">floLIVE\\u2019s&nbsp;<\\/a>global IoT infrastructure, you"
4580,post,publish,https://commscloud.com/the-best-iot-sim-card/iot-solutions-scale/,IoT Solutions At Scale Is Hard — And Why You Shouldn't Have to Do It Alone,content,"scalable as your business demands. Backed by our partners, <a href=""http://www.flolive.net/"">floLIVE’s </a>global IoT infrastructure, you can rely on a world-class experience no matter where your dev"
4580,post,publish,https://commscloud.com/the-best-iot-sim-card/iot-solutions-scale/,IoT Solutions At Scale Is Hard — And Why You Shouldn't Have to Do It Alone,meta_json,"usiness demands.\\u00a0Backed by our partners,\\u00a0<a href=\\\""http:\\/\\/www.flolive.net\\/\\\"">floLIVE\\u2019s\\u00a0<\\/a>global IoT infrastructure, you can rely on a world-class experience no ma"
4668,post,publish,https://commscloud.com/the-best-iot-sim-card/iot-sim-cards-for-scale/,How to Choose IoT SIM cards for Scale,content,"rong>Future-Proofed:</strong></em> Cloud Connect runs on top of <a href=""http://flolive.net"">floLIVE’s</a> hyper-local global IoT infrastructure and supports next-gen IoT networks, private APN/VPNs, a"
4668,post,publish,https://commscloud.com/the-best-iot-sim-card/iot-sim-cards-for-scale/,How to Choose IoT SIM cards for Scale,meta_json,"-Proofed:<\\/strong><\\/em> Cloud Connect runs on top of <a href=\\\""http:\\/\\/flolive.net\\\"">floLIVE\\u2019s<\\/a> hyper-local global IoT infrastructure and supports next-gen IoT networks, private"
5148,post,publish,https://commscloud.com/the-best-iot-sim-card/iot-sim-cards-for-africa/connectivity-management-portal/,Inside CommsCloud’s CMP. Why Every IoT Provider Needs a Connectivity Management Portal.,content,"nnectivity Management Portal (CMP)</strong>. The CommsCloud CMP—<a href=""http://flolive.net"">powered by floLIVE</a>—has been designed and shaped to meet the complexity of Africa and the global demands"
5148,post,publish,https://commscloud.com/the-best-iot-sim-card/iot-sim-cards-for-africa/connectivity-management-portal/,Inside CommsCloud’s CMP. Why Every IoT Provider Needs a Connectivity Management Portal.,excerpt,"der needs a Connectivity Management Portal (CMP). The CommsCloud CMP—powered by floLIVE—has been built for Africa’s complexity and global IoT demands, giving providers the visibility, control, and fle"
5148,post,publish,https://commscloud.com/the-best-iot-sim-card/iot-sim-cards-for-africa/connectivity-management-portal/,Inside CommsCloud’s CMP. Why Every IoT Provider Needs a Connectivity Management Portal.,meta_json,"gement Portal (CMP)<\\/strong>. The CommsCloud CMP\\u2014<a href=\\\""http:\\/\\/flolive.net\\\"">powered by floLIVE<\\/a>\\u2014has been designed and shaped to meet the complexity of Africa and the glo"
5177,post,publish,https://commscloud.com/the-best-iot-sim-card/single-sku/,"The Best IoT SIM Card in Africa: Single SKU, Multi-Network, Cross-Border Ready",content,"o unmatched coverage, flexibility, and control, all powered by <a href=""https://flolive.net/flonet/""><strong data-start=""868"" data-end=""923"">floLIVE’s advanced, cloud-native IoT infrastructure</strong"
5177,post,publish,https://commscloud.com/the-best-iot-sim-card/single-sku/,"The Best IoT SIM Card in Africa: Single SKU, Multi-Network, Cross-Border Ready",meta_json,"ched coverage, flexibility, and control, all powered by <a href=\\\""https:\\/\\/flolive.net\\/flonet\\/\\\""><strong data-start=\\\""868\\\"" data-end=\\\""923\\\"">floLIVE\\u2019s advanced, cloud-native I"
5236,post,publish,https://commscloud.com/the-best-iot-sim-card/iot-sim-cards-for-africa/sla/,CommsCloud Service Level Agreement (SLA) Overview,content,"of 99.9% or higher</strong> across our Cloud Connect SIM ecosystem, powered by floLIVE’s cloud-native core networks.</p> </li> <li data-start=""886"" data-end=""1059""> <p data-start=""888"" data-end=""10"
5236,post,publish,https://commscloud.com/the-best-iot-sim-card/iot-sim-cards-for-africa/sla/,CommsCloud Service Level Agreement (SLA) Overview,meta_json,"f 99.9% or higher<\\/strong> across our Cloud Connect SIM ecosystem, powered by floLIVE\\u2019s cloud-native core networks.<\\/p><\\/li><li data-start=\\\""886\\\"" data-end=\\\""1059\\\""><p data-start=\"
5559,post,publish,https://commscloud.com/iot-connectivity/best-solutions-businesses/,What Are the Best IoT Connectivity Solutions for African Businesses?,content,"d=""2892"">CommsCloud Advantage:</strong> Intelligent applet switching powered by floLIVE — not your device firmware — so uptime is managed from the SIM itself.</p><h2 data-start=""3055"" data-end=""3087"">"
5559,post,publish,https://commscloud.com/iot-connectivity/best-solutions-businesses/,What Are the Best IoT Connectivity Solutions for African Businesses?,meta_json,"92\\\"">CommsCloud Advantage:<\\/strong> Intelligent applet switching powered by floLIVE \\u2014 not your device firmware \\u2014 so uptime is managed from the SIM itself.<\\/p><h2 data-start=\\\""3055\"
6135,post,publish,https://commscloud.com/the-best-iot-sim-card/embedded-sims/,"Embedded SIM: How It Works, Pros/Cons, and 5 Best Practices",content,"ata-end=""6445""><a href=""https://commscloud.com/connectivity-management-portal/"">floLIVE’s Connectivity Management Platform</a> (CMP)</strong> integrate <strong data-start=""6456"" data-end=""6474"">eUICC"
6135,post,publish,https://commscloud.com/the-best-iot-sim-card/embedded-sims/,"Embedded SIM: How It Works, Pros/Cons, and 5 Best Practices",meta_json,"><a href=\\\""https:\\/\\/commscloud.com\\/connectivity-management-portal\\/\\\"">floLIVE\\u2019s Connectivity Management Platform<\\/a> (CMP)<\\/strong> integrate <strong data-start=\\\""6456\\\"" data-e"
