post_id,post_type,status,url,path,title,has_seo_title,has_meta_description,has_canonical,has_focus_keyword,has_schema_meta,robots,content_length,meta_key_count,needs_review
3,page,publish,https://commscloud.com/privacy-policy/,/privacy-policy/,Data Privacy Policy,True,False,False,True,False,,5258,7,missing_meta_description
6,page,publish,https://commscloud.com/iot-connectivity-africa/,/iot-connectivity-africa/,IoT Connectivity Africa: Future-proof Solutions by CommsCloud,True,True,False,True,True,,22060,27,
95,page,publish,https://commscloud.com/about-us/,/about-us/,About CommsCloud,True,False,False,True,False,,8027,18,missing_meta_description
231,page,publish,https://commscloud.com/,/,"IoT Connectivity for Africa — Multi-IMSI, Cross-Border | CommsCloud",True,True,False,True,False,,75637,20,
990,page,publish,https://commscloud.com/news-insights/,/news-insights/,IoT News & Insights by CommsCloud,False,False,False,True,False,"a:1:{i:0;s:7:""noindex"";}",62,9,missing_meta_description; missing_seo_title
1066,page,publish,https://commscloud.com/questionnaire/,/questionnaire/,Questionnaire,True,False,False,False,False,"a:1:{i:0;s:5:""index"";}",5778,13,missing_meta_description
1163,page,publish,https://commscloud.com/more-info/,/more-info/,More Info about CommsCloud,True,False,False,True,False,,13335,17,missing_meta_description
1966,page,publish,https://commscloud.com/the-best-iot-sim-card/utilities/,/the-best-iot-sim-card/utilities/,IoT SIM Cards for Utilities and Smart Grid Solutions,True,True,False,True,False,,17762,20,
2032,page,publish,https://commscloud.com/the-best-iot-sim-card/cat-m-vs-nb-iot-the-differences/,/the-best-iot-sim-card/cat-m-vs-nb-iot-the-differences/,CAT-M vs NB-IoT for IoT SIM Cards | Differences and Applications,True,True,False,True,False,,15948,20,
2038,page,publish,https://commscloud.com/the-best-iot-sim-card/sim-technology/,/the-best-iot-sim-card/sim-technology/,CloudConnect SIM Technology – 1st in IoT SIM Card Technology,True,True,False,True,False,,16283,19,
2336,page,draft,https://commscloud.com/?page_id=2336,/?page_id=2336,IoT Support,True,False,False,True,False,,0,7,
5011,page,draft,https://commscloud.com/?page_id=5011,/?page_id=5011,Home New Template,True,False,False,False,False,,96630,15,
6689,page,draft,https://commscloud.com/?page_id=6689,/?page_id=6689,Get In Touch,False,False,False,False,False,,0,5,
6799,page,draft,https://commscloud.com/?page_id=6799,/?page_id=6799,Elementor #6799,False,False,False,False,False,,10510,13,
646,page,publish,https://commscloud.com/contact/,/contact/,Contact CommsCloud,True,False,False,True,False,,8610,17,missing_meta_description
1649,page,publish,https://commscloud.com/the-best-iot-sim-card/,/the-best-iot-sim-card/,"Best IoT SIM Card for Africa: Autonomous Switching, Multi-IMSI Resilience",True,True,False,True,True,,6180,32,
1650,page,publish,https://commscloud.com/iot-connectivity-in-africa/iot-connectivity/,/iot-connectivity-in-africa/iot-connectivity/,Overcoming Cross Border IoT Connectivity Challenges for Fleet Management: A Positive Outlook,False,True,False,True,False,,5062,20,missing_seo_title
1947,page,publish,https://commscloud.com/the-best-iot-sim-card/asset-tracking/,/the-best-iot-sim-card/asset-tracking/,An introduction to Asset Tracking Systems,True,True,True,True,False,,15813,19,
1951,page,publish,https://commscloud.com/the-best-iot-sim-card/iot-sim-cards-for-africa/,/the-best-iot-sim-card/iot-sim-cards-for-africa/,IoT SIM Cards that place Africa's Unique Connectivity Needs 1st,True,True,False,True,False,,5221,22,
2193,page,publish,https://commscloud.com/the-best-iot-sim-card/commscloud-partners-with-flolive/,/the-best-iot-sim-card/commscloud-partners-with-flolive/,IoT Connectivity for Africa,True,False,False,True,False,,2771,17,missing_meta_description
2337,page,publish,https://commscloud.com/oem-library-2/oem-library/onboarding-testing-iot-devices-hardware/,/oem-library-2/oem-library/onboarding-testing-iot-devices-hardware/,IoT Device Onboarding- Unlocking the Power of Seamless IoT Connectivity,False,True,False,True,False,,12409,23,missing_seo_title
2399,page,publish,https://commscloud.com/oem-library-2/gsm-modems/,/oem-library-2/gsm-modems/,IoT Devices - Why The Right GSM Modem Matters For Connectivity,False,True,True,True,False,"a:1:{i:0;s:5:""index"";}",7207,23,missing_seo_title
2497,page,publish,https://commscloud.com/news-and-views/,/news-and-views/,News And Views from CommsCloud,False,False,False,True,False,"a:1:{i:0;s:7:""noindex"";}",850,15,missing_meta_description; missing_seo_title
2694,page,publish,https://commscloud.com/news-and-views/iot-trends/,/news-and-views/iot-trends/,IoT Trends,False,False,False,True,False,"a:1:{i:0;s:7:""noindex"";}",904,16,missing_meta_description; missing_seo_title
2702,page,publish,https://commscloud.com/news-and-views/ict/,/news-and-views/ict/,ICT,False,False,False,False,False,"a:1:{i:0;s:7:""noindex"";}",116,12,missing_meta_description; missing_seo_title
2703,page,publish,https://commscloud.com/news-and-views/ai-security/,/news-and-views/ai-security/,AI & Security,False,False,False,True,False,"a:1:{i:0;s:7:""noindex"";}",62,12,missing_meta_description; missing_seo_title
2813,page,publish,https://commscloud.com/iot-sim-card/,/iot-sim-card/,What is an IoT SIM Card — and why does the one you choose matter more in Africa?,True,True,False,True,True,,9639,33,
2948,page,publish,https://commscloud.com/the-best-iot-sim-card/monitoring-with-iot-sim-cards/,/the-best-iot-sim-card/monitoring-with-iot-sim-cards/,IoT SIM Cards - First Choice for Remote Monitoring Solutions,True,True,False,True,False,,3715,19,
3250,page,publish,https://commscloud.com/the-best-iot-sim-card/esim-vs-isim/,/the-best-iot-sim-card/esim-vs-isim/,ESIM Vs ISIM: incl. 5 Use Cases for eSIM,True,False,False,True,False,,5937,22,missing_meta_description
3500,page,publish,https://commscloud.com/iot-connectivity-in-africa/fleet-management/,/iot-connectivity-in-africa/fleet-management/,IoT SIM for Fleet Management in Africa: The Future of Fleet Management,False,True,False,True,False,,13465,19,missing_seo_title
4729,page,publish,https://commscloud.com/commscloud-coverage-map/,/commscloud-coverage-map/,CommsCloud Cloud Connect Coverage Map,True,False,False,False,False,,673,18,missing_meta_description
5469,page,publish,https://commscloud.com/iot-connectivity-in-africa/,/iot-connectivity-in-africa/,IoT Connectivity in Africa: One SIM. All Borders. No Downtime.,True,True,False,True,True,,11086,30,
5470,page,publish,https://commscloud.com/iot-connectivity-africa/iot-network-protocols/,/iot-connectivity-africa/iot-network-protocols/,Iot Network Protocols: Understanding Their Role In Dash Cam Connectivity,True,False,False,False,True,,3945,10,missing_meta_description
5476,page,publish,https://commscloud.com/iot-connectivity-in-africa/lpwan-technologies/,/iot-connectivity-in-africa/lpwan-technologies/,Lpwan Technologies For Enhanced Connectivity In Dash Cams,True,False,False,False,True,,4544,9,missing_meta_description
5482,page,publish,https://commscloud.com/iot-connectivity-in-africa/device-management-platforms/,/iot-connectivity-in-africa/device-management-platforms/,Device Management Platforms For Effective Dash Cam Integration,True,False,False,False,True,,4308,9,missing_meta_description
5488,page,publish,https://commscloud.com/iot-connectivity-in-africa/edge-computing-solutions/,/iot-connectivity-in-africa/edge-computing-solutions/,Edge Computing Solutions For Enhanced Data Processing And Analytics,True,False,False,False,True,,3650,8,missing_meta_description
5494,page,publish,https://commscloud.com/iot-connectivity-in-africa/wireless-sensor-networks/,/iot-connectivity-in-africa/wireless-sensor-networks/,Wireless Sensor Networks For Enhanced Connectivity In Dash Cams,True,False,False,False,True,,4413,9,missing_meta_description
5500,page,publish,https://commscloud.com/cellular-iot-solutions/,/cellular-iot-solutions/,Cellular IoT Solutions: Powering Africa’s Modern Connectivity,True,True,False,True,True,,7915,25,
5501,page,publish,https://commscloud.com/iot-connectivity-in-africa/cellular-connectivity-solutions/,/iot-connectivity-in-africa/cellular-connectivity-solutions/,Cellular Connectivity Solutions For Dash Cams: Your Guide,False,True,False,True,True,,17599,18,missing_seo_title
5507,page,publish,https://commscloud.com/iot-connectivity-in-africa/iot-security-frameworks/,/iot-connectivity-in-africa/iot-security-frameworks/,Iot Security Frameworks: Essential Insights For Dash Cam Users,False,False,False,False,True,,4821,8,missing_meta_description; missing_seo_title
5513,page,publish,https://commscloud.com/dashcams/mobile-network-management/,/dashcams/mobile-network-management/,Mobile Network Management Strategies to Boost Dash Cam Performance in Your Fleet,False,False,False,True,True,,9221,19,missing_meta_description; missing_seo_title
5519,page,publish,https://commscloud.com/iot-connectivity-in-africa/realtime-data-analytics/,/iot-connectivity-in-africa/realtime-data-analytics/,Real-Time Data Analytics For Enhanced Dash Cam Performance,False,False,False,False,True,,4197,8,missing_meta_description; missing_seo_title
5525,page,publish,https://commscloud.com/iot-connectivity-in-africa/remote-device-monitoring/,/iot-connectivity-in-africa/remote-device-monitoring/,Remote Device Monitoring For Dash Cams And Connected Vehicles,False,False,False,False,True,,4196,9,missing_meta_description; missing_seo_title
5530,page,publish,https://commscloud.com/remote-monitoring-systems/,/remote-monitoring-systems/,Remote Monitoring Systems for African IoT — Cellular Connectivity Solutions,True,True,False,True,True,,11387,27,
5531,page,publish,https://commscloud.com/remote-monitoring-systems/asset-tracking/,/remote-monitoring-systems/asset-tracking/,"Asset Tracking in Africa: How Always-On IoT Keeps Your Fleet, Equipment &amp; High-Value Assets Online — Across Every Border",True,False,False,True,True,,10629,21,missing_meta_description
5537,page,publish,https://commscloud.com/remote-monitoring-systems/environmental-monitoring-solutions/,/remote-monitoring-systems/environmental-monitoring-solutions/,Environmental Monitoring Solutions For Enhanced Data Collection,True,False,False,False,True,,3745,9,missing_meta_description
5542,page,publish,https://commscloud.com/remote-monitoring-systems/fleet-management-technology/,/remote-monitoring-systems/fleet-management-technology/,Fleet Management Technologies For Optimal Dash Cam Performance,True,False,False,False,True,,3966,8,missing_meta_description
5547,page,publish,https://commscloud.com/remote-monitoring-systems/energy-management-systems/,/remote-monitoring-systems/energy-management-systems/,Energy Management Systems Overview And Insights,True,False,False,False,True,,3429,8,missing_meta_description
5553,page,publish,https://commscloud.com/remote-monitoring-systems/health-monitoring-platforms/,/remote-monitoring-systems/health-monitoring-platforms/,Health Monitoring Platforms For Effective Health Tracking And Analysis,True,False,False,False,True,,4054,8,missing_meta_description
5568,page,publish,https://commscloud.com/iot-sim-card/m2m-sim-cards/,/iot-sim-card/m2m-sim-cards/,M2M Sim Cards For Enhanced Dash Cam Connectivity,True,False,False,True,True,"a:1:{i:0;s:5:""index"";}",3283,20,missing_meta_description
5574,page,publish,https://commscloud.com/iot-sim-card/iot-data-plans/,/iot-sim-card/iot-data-plans/,IoT Data Plans for Dashcams in Africa: How to Stay Online With No Roaming and No Downtime,False,False,False,True,True,,14218,16,missing_meta_description; missing_seo_title
5580,page,publish,https://commscloud.com/iot-sim-card/smart-device-connectivity/,/iot-sim-card/smart-device-connectivity/,Smart Device Connectivity For Dash Cams And More,True,False,False,False,True,,2973,9,missing_meta_description
5602,page,publish,https://commscloud.com/dashcams/,/dashcams/,Dashcams vs MDVR: The Connected Camera Evolution in African Fleets,False,True,False,True,True,,9671,32,missing_seo_title
5603,page,publish,https://commscloud.com/dashcams/installation-near-me/,/dashcams/installation-near-me/,"Dash Cam Installation Near Me: Connecting Fleets, OEMs, and Africa’s Digital Transport Ecosystem",True,True,False,True,True,,11715,18,
4773,page,publish,https://commscloud.com/faq/,/faq/,"IoT Connectivity FAQ — Cross-Border, Multi-IMSI, Africa | CommsCloud",True,True,False,True,False,,15317,17,
5604,page,publish,https://commscloud.com/dashcams/south-africa/,/dashcams/south-africa/,Dash Cam South Africa: Connectivity That Keeps Your Fleet in Sight,True,False,False,False,True,,8472,18,missing_meta_description
5711,page,publish,https://commscloud.com/connectivity-management-portal/,/connectivity-management-portal/,Inside CommsCloud’s CMP. Why Every IoT Provider Needs a Connectivity Management Portal.,True,True,False,True,False,,9576,16,
5731,page,publish,https://commscloud.com/private-apn-vpn/,/private-apn-vpn/,"Private APNs &amp; VPNs for IoT — Secure, Scalable, and Built for Africa",False,True,False,True,False,,10729,18,missing_seo_title
5762,page,publish,https://commscloud.com/commscloud-pricing/,/commscloud-pricing/,CommsCloud Pricing Explained: Transparent. Scalable. Built for Africa.,False,True,False,True,False,,12034,17,missing_seo_title
5886,page,publish,https://commscloud.com/oem-library-2/oem-library/,/oem-library-2/oem-library/,"Hardware Onboarding, OEM Library &amp; Partnerships",False,True,False,True,False,,8805,17,missing_seo_title
6385,page,publish,https://commscloud.com/cellular-iot-solutions/fleet-connectivity-for-africa/,/cellular-iot-solutions/fleet-connectivity-for-africa/,Fleet Connectivity for Africa - why it breaks at the Border — And What Operators Can Do About It,False,True,False,True,False,,14509,19,missing_seo_title
6463,page,publish,https://commscloud.com/oem-library-2/,/oem-library-2/,IoT Device + SIM Co-Engineering for African OEMs | CommsCloud,True,True,False,True,False,,8498,24,
6480,page,publish,https://commscloud.com/connectivity-as-a-strategy/,/connectivity-as-a-strategy/,Connectivity as a Strategy: Why IoT Fails When Engineers Treat Connectivity Like Plumbing,True,True,False,True,False,,14299,20,
6506,page,publish,https://commscloud.com/connectivity-as-a-strategy/hidden-single-point-of-failure/,/connectivity-as-a-strategy/hidden-single-point-of-failure/,Connectivity: The Hidden Single Point of Failure in IoT | CommsCloud,True,True,False,True,False,,9170,23,
6536,page,publish,https://commscloud.com/connectivity-as-a-strategy/sim-choice-becomes-an-architecture-decision-at-scale/,/connectivity-as-a-strategy/sim-choice-becomes-an-architecture-decision-at-scale/,IoT SIM Choice Is an Architecture Decision at Scale | CommsCloud,True,True,False,True,False,,9798,24,
6544,page,publish,https://commscloud.com/connectivity-as-a-strategy/rethinking-iot-networks/,/connectivity-as-a-strategy/rethinking-iot-networks/,From Connectivity to Control Plane: Rethinking IoT Networks,False,True,False,True,False,,10214,16,missing_seo_title
6555,page,publish,https://commscloud.com/connectivity-as-a-strategy/why-iot-support-fails-when-connectivity-isnt-observable/,/connectivity-as-a-strategy/why-iot-support-fails-when-connectivity-isnt-observable/,Why IoT Support Fails When Connectivity Isn't Observable,False,True,False,True,False,,10469,18,missing_seo_title
6640,page,publish,https://commscloud.com/cellular-iot-solutions/cross-border-iot-in-africa/,/cellular-iot-solutions/cross-border-iot-in-africa/,"Navigating Cross-Border IoT in Africa: Why Connectivity Is the Strategy, Not the Detail",False,True,False,True,False,,9214,17,missing_seo_title
6660,page,publish,https://commscloud.com/cellular-iot-solutions/fleet-connectivity-drops-at-african-borders/,/cellular-iot-solutions/fleet-connectivity-drops-at-african-borders/,Why Fleet Connectivity Drops at African Borders,False,True,False,True,False,,8613,17,missing_seo_title
6801,page,publish,https://commscloud.com/connected-things/cross-border-iot-connectivity-african-logistics/,/connected-things/cross-border-iot-connectivity-african-logistics/,Cross-border IoT Connectivity African Logistics,True,True,False,True,False,,12582,22,
6826,page,publish,https://commscloud.com/beit-bridge-iot-connectivity/,/beit-bridge-iot-connectivity/,Beit Bridge IoT Connectivity,True,True,False,True,False,,10290,22,
6872,page,publish,https://commscloud.com/kazungula-iot-connectivity/,/kazungula-iot-connectivity/,Kazungula IoT Connectivity — The Four-Country Pinch That Tests Every Cross-Border SIM,True,True,False,True,False,,6628,21,
6889,page,publish,https://commscloud.com/lebombo-ressano-garcia-iot-connectivity/,/lebombo-ressano-garcia-iot-connectivity/,Lebombo &amp; Ressano Garcia IoT Connectivity: Connecting the Maputo Corridor,True,True,True,True,False,,6827,25,
6902,page,publish,https://commscloud.com/chirundu-iot-connectivity/,/chirundu-iot-connectivity/,Chirundu IoT Connectivity: Crossing Africa's First One-Stop Border Post,True,True,False,True,False,,6917,20,
254,page,trash,https://commscloud.com/?page_id=254,/?page_id=254,IoT Connectivity for Workplaces- Optimize and Deliver,True,True,False,True,True,"a:1:{i:0;s:7:""noindex"";}",44411,29,
1578,post,draft,https://commscloud.com/?p=1578,/?p=1578,CommsCloud Knowledge Centre - The evolution of the SIM card,True,False,False,False,False,,129,11,
1950,page,trash,https://commscloud.com/?page_id=1950,/?page_id=1950,IoT SIM Card for Smart Cities - Enhancing Connectivity and Efficiency,True,True,False,True,False,"a:1:{i:0;s:7:""noindex"";}",25504,29,
5073,post,draft,https://commscloud.com/?p=5073,/?p=5073,Cloud Connect SIMs – Always-On IoT Connectivity for Africa and Beyond,False,True,False,True,False,,13857,19,
5136,post,draft,https://commscloud.com/?p=5136,/?p=5136,One SIM. All Borders. No Downtime: Why Cloud Connect SIMs Solve Africa’s IoT Blackouts,False,False,False,True,False,,6696,18,
5471,post,draft,https://commscloud.com/?p=5471,/?p=5471,How Do Different Iot Network Protocols Impact Device Interoperability? A Guide To Enhancing Connectivity,False,False,False,False,True,,4090,3,
5472,post,draft,https://commscloud.com/?p=5472,/?p=5472,What Are The Advantages Of Using Mqtt Over Http In Iot Applications? | Understanding Protocols For Dash Cams,False,False,False,False,True,,4435,3,
5473,post,draft,https://commscloud.com/?p=5473,/?p=5473,What Role Do Lpwan Protocols Play In Enhancing Iot Connectivity? Discover Their Impact On Dash Cam Performance And Reliability.,False,False,False,False,True,,4760,3,
5474,post,draft,https://commscloud.com/?p=5474,/?p=5474,What Are The Key Iot Network Protocols For Reliable Data Transmission? Discover Essential Standards For Effective Communication,False,False,False,False,True,,3320,3,
5475,post,draft,https://commscloud.com/?p=5475,/?p=5475,How Can I Optimize My Iot Network Protocol Selection For Scalability And Performance? Enhance Your Dash Cam Installation Experience With The Right Sim Card.,False,False,False,False,True,,4938,3,
5477,post,draft,https://commscloud.com/?p=5477,/?p=5477,What Are The Key Use Cases For Lpwan Technologies In Iot Applications? Exploring Applications In Modern Technology,False,False,False,False,True,,3973,3,
5478,post,draft,https://commscloud.com/?p=5478,/?p=5478,How Can Businesses Leverage Lpwan Technologies To Reduce Operational Costs? Insights And Strategies,False,False,False,False,True,,4182,3,
5479,post,draft,https://commscloud.com/?p=5479,/?p=5479,How Do Lpwan Technologies Compare To Traditional Wireless Networks For Large-Scale Iot Deployments? A Comprehensive Analysis,False,False,False,False,True,,4055,3,
5480,post,draft,https://commscloud.com/?p=5480,/?p=5480,What Factors Influence The Choice Of Lpwan Technology For Specific Iot Projects? | Optimize Your Iot Solutions With Smart Technology,False,False,False,False,True,,4104,3,
5481,post,draft,https://commscloud.com/?p=5481,/?p=5481,What Are The Challenges Associated With Implementing Lpwan Solutions In Urban Environments? A Comprehensive Guide,False,False,False,False,True,,4063,3,
5585,page,trash,https://commscloud.com/?page_id=5585,/?page_id=5585,Smart Devices Networking: Understanding Connectivity And Integration,True,False,False,True,True,"a:1:{i:0;s:7:""noindex"";}",6742,27,
5586,page,trash,https://commscloud.com/?page_id=5586,/?page_id=5586,Device Interoperability In Dash Cams: Enhancing Connectivity,True,False,False,False,True,,4192,13,
5591,page,trash,https://commscloud.com/?page_id=5591,/?page_id=5591,Network Optimization Strategies For Effective Dash Cam Usage,True,False,False,True,True,,3909,23,
5597,page,trash,https://commscloud.com/?page_id=5597,/?page_id=5597,Connectivity Management Solutions For Seamless Dash Cam Integration,True,False,False,False,True,,4510,13,
5682,page,publish,https://commscloud.com/oem-library-2/oem-library/commscloud-isnt-just-an-iot-connectivity-provider/,/oem-library-2/oem-library/commscloud-isnt-just-an-iot-connectivity-provider/,Why CommsCloud Isn’t Just Another IoT Connectivity Provider,True,True,False,True,False,,8940,21,
5483,post,draft,https://commscloud.com/?p=5483,/?p=5483,What Are The Key Features To Look For In Device Management Platforms? Essential Insights For Optimizing Your Dash Cam Installation,False,False,False,False,True,,3691,3,
5484,post,draft,https://commscloud.com/?p=5484,/?p=5484,How Do Device Management Platforms Improve Operational Efficiency? Enhance Productivity With Effective Solutions,False,False,False,False,True,,4248,3,
5485,post,draft,https://commscloud.com/?p=5485,/?p=5485,How Can I Integrate Multiple Devices Using A Single Device Management Platform? Explore Seamless Solutions For Your Tech Setup,False,False,False,False,True,,4447,3,
5486,post,draft,https://commscloud.com/?p=5486,/?p=5486,What Factors Should Businesses Consider When Selecting A Device Management Platform? Key Insights For Optimal Choices,False,False,False,False,True,,5388,3,
5487,post,draft,https://commscloud.com/?p=5487,/?p=5487,What Are The Cost Implications Of Implementing A Comprehensive Device Management Platform? Explore Potential Expenses And Benefits,False,False,False,False,True,,5252,3,
5489,post,draft,https://commscloud.com/?p=5489,/?p=5489,How Can Edge Computing Improve Data Processing Efficiency In Iot Applications? Discover Benefits And Solutions,False,False,False,False,True,,4862,3,
5490,post,draft,https://commscloud.com/?p=5490,/?p=5490,How Do Edge Computing Solutions Enhance Real-Time Analytics Capabilities? Discover The Benefits Today,False,False,False,False,True,,4595,3,
5491,post,draft,https://commscloud.com/?p=5491,/?p=5491,What Are The Key Advantages Of Edge Computing Solutions For Businesses? Discover Benefits And Use Cases,False,False,False,False,True,,4296,3,
5492,post,draft,https://commscloud.com/?p=5492,/?p=5492,What Factors Should I Consider When Selecting An Edge Computing Solution For My Operations? | Key Considerations For Effective Implementation,False,False,False,False,True,,5285,3,
5493,post,draft,https://commscloud.com/?p=5493,/?p=5493,What Industries Are Adopting Edge Computing Solutions To Optimize Performance? Explore Key Sectors Leveraging Technology,False,False,False,False,True,,5002,3,
5495,post,draft,https://commscloud.com/?p=5495,/?p=5495,What Are The Key Applications Of Wireless Sensor Networks In Smart Cities? Discover Innovative Uses And Benefits,False,False,False,False,True,,4099,5,
5496,post,draft,https://commscloud.com/?p=5496,/?p=5496,How Can Businesses Leverage Wireless Sensor Networks For Real-Time Data Collection? Enhance Operational Efficiency And Decision-Making,False,False,False,False,True,,4250,3,
5497,post,draft,https://commscloud.com/?p=5497,/?p=5497,What Are The Cost Benefits Of Implementing Wireless Sensor Networks In Industrial Settings? Discover Key Advantages And Insights,False,False,False,False,True,,4050,3,
5498,post,draft,https://commscloud.com/?p=5498,/?p=5498,"How Do Wireless Sensor Networks Improve Environmental Monitoring And Management? Explore Their Benefits, Applications, And Real-World Impacts",False,False,False,False,True,,3988,3,
5499,post,draft,https://commscloud.com/?p=5499,/?p=5499,What Factors Should I Consider When Designing A Wireless Sensor Network For My Organization? - Insights For Effective Implementation,False,False,False,False,True,,5004,3,
5502,post,draft,https://commscloud.com/?p=5502,/?p=5502,What Are The Key Considerations For Selecting A Cellular Connectivity Provider? Explore Essential Factors,False,False,False,False,True,,3588,3,
5503,post,draft,https://commscloud.com/?p=5503,/?p=5503,How Do Cellular Connectivity Solutions Impact Operational Efficiency In Smart Cities?,False,False,False,False,True,,4477,3,
5504,post,draft,https://commscloud.com/?p=5504,/?p=5504,What Are The Top Cellular Connectivity Solutions For Industrial Iot Applications? Explore Options And Benefits,False,False,False,False,True,,5090,3,
5505,post,draft,https://commscloud.com/?p=5505,/?p=5505,How Can Businesses Optimize Their Cellular Connectivity For Remote Monitoring? Enhance Your Dash Cam Performance With A Reliable Sim Card,False,False,False,False,True,,3679,3,
5506,post,draft,https://commscloud.com/?p=5506,/?p=5506,What Features Should I Prioritize When Evaluating Cellular Iot Platforms? Essential Insights For Smart Decisions,False,False,False,False,True,,3810,3,
5508,post,draft,https://commscloud.com/?p=5508,/?p=5508,What Are The Essential Components Of Iot Security Frameworks? Discover Key Elements For Effective Protection,False,False,False,False,True,,4038,3,
5509,post,draft,https://commscloud.com/?p=5509,/?p=5509,How Can Businesses Implement Effective Iot Security Frameworks? A Comprehensive Guide,True,False,False,True,True,,4555,16,
5510,post,draft,https://commscloud.com/?p=5510,/?p=5510,What Are The Common Challenges In Developing Iot Security Frameworks? Insights For Better Dash Cam Installation,False,False,False,False,True,,4802,3,
5511,post,draft,https://commscloud.com/?p=5511,/?p=5511,How Do Iot Security Frameworks Compare To Traditional Cybersecurity Measures? A Comprehensive Analysis,False,False,False,False,True,,5071,3,
5512,post,draft,https://commscloud.com/?p=5512,/?p=5512,What Factors Should I Consider When Selecting An Iot Security Framework For My Organization? | Enhance Your Dash Cam Experience,False,False,False,False,True,,4644,3,
5514,post,draft,https://commscloud.com/?p=5514,/?p=5514,How Can Mobile Network Management Enhance Iot Device Performance? Discover The Impact On Dash Cam Functionality,False,False,False,False,True,,4548,3,
5515,post,draft,https://commscloud.com/?p=5515,/?p=5515,How Do I Choose The Right Mobile Network Management Platform For My Business? A Comprehensive Guide,False,False,False,False,True,,4712,3,
5516,post,draft,https://commscloud.com/?p=5516,/?p=5516,What Are The Key Features Of Effective Mobile Network Management Solutions? Discover Solutions For Dash Cam Connectivity,False,False,False,False,True,,4109,3,
5517,post,draft,https://commscloud.com/?p=5517,/?p=5517,What Are The Cost Implications Of Implementing Mobile Network Management Systems? Explore Financial Aspects And Roi Considerations,False,False,False,False,True,,3501,3,
5518,post,draft,https://commscloud.com/?p=5518,/?p=5518,How Does Mobile Network Management Improve Operational Efficiency In Industrial Settings? Discover Key Benefits And Insights,False,False,False,False,True,,4391,3,
5520,post,draft,https://commscloud.com/?p=5520,/?p=5520,How Can Real-Time Data Analytics Enhance Decision-Making In Businesses? Boost Your Business Strategies With Data Insights,False,False,False,False,True,,4274,3,
5521,post,draft,https://commscloud.com/?p=5521,/?p=5521,How Do I Choose The Right Tools For Real-Time Data Analytics? Optimize Your Decision-Making Process,False,False,False,False,True,,4572,3,
5522,post,draft,https://commscloud.com/?p=5522,/?p=5522,What Are The Key Benefits Of Implementing Real-Time Data Analytics Solutions? Discover How It Enhances Decision-Making And Operational Efficiency,False,False,False,False,True,,3970,3,
5523,post,draft,https://commscloud.com/?p=5523,/?p=5523,What Industries Are Leveraging Real-Time Data Analytics For Competitive Advantage? Discover Key Sectors Using Data Insights,False,False,False,False,True,,5164,3,
5524,post,draft,https://commscloud.com/?p=5524,/?p=5524,What Challenges Should I Consider When Adopting Real-Time Data Analytics In My Organization? - Key Insights For Effective Implementation,False,False,False,False,True,,4184,3,
5526,post,draft,https://commscloud.com/?p=5526,/?p=5526,How Can Remote Device Monitoring Improve Operational Efficiency In Various Industries? Explore Practical Applications,False,False,False,False,True,,4117,3,
5527,post,draft,https://commscloud.com/?p=5527,/?p=5527,What Are The Key Features Of Effective Remote Device Monitoring Solutions? Enhance Your Dash Cam Experience With Optimal Connectivity,False,False,False,False,True,,4487,3,
5528,post,draft,https://commscloud.com/?p=5528,/?p=5528,What Factors Should I Consider When Selecting A Remote Device Monitoring Provider? Essential Insights For Optimal Choice,False,False,False,False,True,,4467,3,
5529,post,draft,https://commscloud.com/?p=5529,/?p=5529,How Do I Choose The Right Remote Device Monitoring Platform For My Organization? A Comprehensive Guide To Evaluating Options,False,False,False,False,True,,5071,3,
5532,post,draft,https://commscloud.com/?p=5532,/?p=5532,How Do Asset Tracking Systems Enhance Supply Chain Efficiency? Boost Performance With Smart Solutions,False,False,False,False,True,,4166,3,
5533,post,draft,https://commscloud.com/?p=5533,/?p=5533,What Features Should I Look For When Choosing An Asset Tracking System? Essential Insights And Tips,False,False,False,False,True,,4251,3,
5534,post,draft,https://commscloud.com/?p=5534,/?p=5534,How Can I Integrate An Asset Tracking System With My Existing Operations? A Comprehensive Guide,False,False,False,False,True,,5217,3,
5535,post,draft,https://commscloud.com/?p=5535,/?p=5535,What Are The Key Benefits Of Implementing Asset Tracking Systems In Businesses? Discover How They Enhance Efficiency And Reduce Costs,False,False,False,False,True,,4047,3,
5536,post,draft,https://commscloud.com/?p=5536,/?p=5536,What Industries Benefit Most From Using Asset Tracking Systems? Discover Key Sectors Leveraging Technology,False,False,False,False,True,,4785,3,
5538,post,draft,https://commscloud.com/?p=5538,/?p=5538,How Do I Choose The Right Environmental Monitoring Solution For My Organization? A Comprehensive Guide,False,False,False,False,True,,4201,3,
5539,post,draft,https://commscloud.com/?p=5539,/?p=5539,How Can Businesses Leverage Environmental Monitoring Solutions For Compliance And Sustainability? Explore Effective Strategies Now,False,False,False,False,True,,3804,3,
5540,post,draft,https://commscloud.com/?p=5540,/?p=5540,What Industries Benefit Most From Implementing Environmental Monitoring Solutions? Discover The Key Sectors For Optimal Environmental Management,False,False,False,False,True,,4356,3,
5541,post,draft,https://commscloud.com/?p=5541,/?p=5541,What Are The Cost Implications Of Deploying Environmental Monitoring Solutions In Industrial Settings? Understanding Financial Factors And Benefits,False,False,False,False,True,,4597,3,
5543,post,draft,https://commscloud.com/?p=5543,/?p=5543,What Features Should I Look For In A Fleet Management Solution? Essential Considerations For Effective Management,False,False,False,False,True,,3768,3,
5544,post,draft,https://commscloud.com/?p=5544,/?p=5544,What Are The Key Benefits Of Fleet Management Technologies For Businesses? Discover How They Enhance Operations,False,False,False,False,True,,3380,3,
5545,post,draft,https://commscloud.com/?p=5545,/?p=5545,How Can I Choose The Right Fleet Management Software For My Operations? Essential Considerations And Tips,False,False,False,False,True,,5222,3,
5546,post,draft,https://commscloud.com/?p=5546,/?p=5546,What Industries Benefit Most From Implementing Fleet Management Technologies? Discover The Advantages Across Sectors,False,False,False,False,True,,4326,3,
5548,post,draft,https://commscloud.com/?p=5548,/?p=5548,How Can Energy Management Systems Improve Operational Efficiency In Businesses? Discover Key Insights,False,False,False,False,True,,4167,3,
5549,post,draft,https://commscloud.com/?p=5549,/?p=5549,How Do I Choose The Right Energy Management System For My Organization? A Comprehensive Guide,False,False,False,False,True,,3629,3,
5550,post,draft,https://commscloud.com/?p=5550,/?p=5550,What Are The Key Features To Consider When Implementing Energy Management Systems? Essential Insights For Effective Solutions,False,False,False,False,True,,3884,3,
5551,post,draft,https://commscloud.com/?p=5551,/?p=5551,What Industries Benefit Most From Adopting Energy Management Systems? Discover Key Sectors Leveraging Efficiency,False,False,False,False,True,,4357,3,
5552,post,draft,https://commscloud.com/?p=5552,/?p=5552,What Are The Cost Implications Of Deploying Energy Management Systems In Industrial Settings?,False,False,False,False,True,,4268,3,
5554,post,draft,https://commscloud.com/?p=5554,/?p=5554,What Are The Key Features Of Health Monitoring Platforms? Explore Essential Aspects,False,False,False,False,True,,3924,3,
5555,post,draft,https://commscloud.com/?p=5555,/?p=5555,How Can Health Monitoring Platforms Improve Patient Outcomes? Exploring Benefits And Features,False,False,False,False,True,,4281,3,
5556,post,draft,https://commscloud.com/?p=5556,/?p=5556,What Industries Benefit Most From Implementing Health Monitoring Platforms? Explore Key Sectors Enhancing Wellness,False,False,False,False,True,,4418,3,
5557,post,draft,https://commscloud.com/?p=5557,/?p=5557,How Do I Choose The Right Health Monitoring Platform For My Organization? Essential Considerations And Features,False,False,False,False,True,,4676,3,
5558,post,draft,https://commscloud.com/?p=5558,/?p=5558,What Are The Cost Implications Of Deploying Health Monitoring Platforms In Healthcare Settings? A Comprehensive Analysis,False,False,False,False,True,,4802,3,
5560,post,draft,https://commscloud.com/?p=5560,/?p=5560,How To Choose The Right Iot Connectivity Provider? A Comprehensive Guide,False,False,False,False,True,,3775,5,
5561,post,draft,https://commscloud.com/?p=5561,/?p=5561,Comparison Of Cellular Vs. Lpwan For Iot Applications: A Detailed Evaluation,False,False,False,False,True,,4089,5,
5562,post,draft,https://commscloud.com/?p=5562,/?p=5562,What Are The Costs Associated With Iot Connectivity Services? Understanding Pricing And Options,False,False,False,False,True,,6136,5,
5563,post,draft,https://commscloud.com/?p=5563,/?p=5563,How Can I Improve My Iot Device's Connectivity Reliability? Tips For Better Performance,False,False,False,False,True,,3692,5,
5564,post,draft,https://commscloud.com/?p=5564,/?p=5564,What Are The Key Benefits Of Cellular Iot Solutions For Businesses? Discover How They Enhance Operations And Connectivity.,False,False,False,False,True,,3628,3,
5565,post,draft,https://commscloud.com/?p=5565,/?p=5565,What Factors Should I Consider When Implementing Cellular Iot Solutions In My Operations? A Comprehensive Guide,False,False,False,False,True,,4292,3,
5566,post,draft,https://commscloud.com/?p=5566,/?p=5566,Which Industries Benefit Most From Cellular Iot Solutions? Discover Key Sectors Leveraging Technology,False,False,False,False,True,,4499,3,
5567,post,draft,https://commscloud.com/?p=5567,/?p=5567,How Can I Integrate Cellular Iot Solutions With My Existing Infrastructure? A Complete Guide,False,False,False,False,True,,3341,3,
5569,post,draft,https://commscloud.com/?p=5569,/?p=5569,What Are The Advantages Of Using M2M Sim Cards For Iot Applications? Explore Benefits And Use Cases,False,False,False,False,True,,3543,3,
5570,post,draft,https://commscloud.com/?p=5570,/?p=5570,How Do M2M Sim Cards Differ From Regular Sim Cards? A Comprehensive Guide,False,False,False,False,True,,4047,3,
5571,post,draft,https://commscloud.com/?p=5571,/?p=5571,What Features Should I Look For In M2M Sim Cards For My Business? Essential Insights And Guidance,False,False,False,False,True,,3975,3,
5572,post,draft,https://commscloud.com/?p=5572,/?p=5572,Where Can I Purchase M2M Sim Cards For Industrial Use? Discover Your Options,False,False,False,False,True,,3950,3,
5573,post,draft,https://commscloud.com/?p=5573,/?p=5573,How Can M2M Sim Cards Improve Data Transmission Efficiency In Iot Devices? Enhance Your Dash Cam Experience,False,False,False,False,True,,4361,3,
5575,post,draft,https://commscloud.com/?p=5575,/?p=5575,What Are The Best Iot Data Plans For Small Businesses? Discover Top Options,False,False,False,False,True,,3562,3,
5576,post,draft,https://commscloud.com/?p=5576,/?p=5576,How To Evaluate Iot Data Plans For Scalability And Cost-Effectiveness? A Comprehensive Guide,False,False,False,False,True,,3394,3,
5577,post,draft,https://commscloud.com/?p=5577,/?p=5577,Which Iot Data Plan Is Suitable For High-Volume Data Transmission? A Comprehensive Guide,False,False,False,False,True,,3534,3,
5578,post,draft,https://commscloud.com/?p=5578,/?p=5578,How Do Different Iot Data Plans Impact Device Performance And Connectivity?,False,False,False,False,True,,4300,3,
5579,post,draft,https://commscloud.com/?p=5579,/?p=5579,What Features Should I Prioritize In An Iot Data Plan For My Industry? Essential Insights For Your Decision-Making,False,False,False,False,True,,3719,3,
798,post,publish,https://commscloud.com/news-and-views/ict/buying-more-pain-at-a-lower-price/,/news-and-views/ict/buying-more-pain-at-a-lower-price/,Buying more pain for your mobility at a lower price,False,False,False,True,False,,4995,9,missing_meta_description; missing_seo_title
802,post,publish,https://commscloud.com/news-and-views/ict/past-present-and-future-of-sa-telecoms/,/news-and-views/ict/past-present-and-future-of-sa-telecoms/,"Past, present and future of SA telecoms.",False,False,False,True,False,,12986,9,missing_meta_description; missing_seo_title
4024,post,draft,https://commscloud.com/?p=4024,/?p=4024,tt,False,False,False,False,False,,0,8,
5581,post,draft,https://commscloud.com/?p=5581,/?p=5581,What Are The Emerging Trends In Smart Device Connectivity For 2024? Discover Insights On Dash Cam Integration,False,False,False,False,True,,4532,7,
5582,post,draft,https://commscloud.com/?p=5582,/?p=5582,How To Troubleshoot Common Issues With Smart Device Connectivity? A Complete Guide,False,False,False,False,True,,4546,3,
5583,post,draft,https://commscloud.com/?p=5583,/?p=5583,How Do Different Wireless Technologies Impact Smart Device Connectivity Options? Explore The Best Choices For Your Dash Cam,False,False,False,False,True,,3723,3,
5584,post,draft,https://commscloud.com/?p=5584,/?p=5584,What Security Measures Should Be Implemented For Smart Device Connectivity? Essential Tips And Strategies,False,False,False,False,True,,4888,3,
5587,post,draft,https://commscloud.com/?p=5587,/?p=5587,How Do Different Standards Impact Device Interoperability In Iot Applications? Understanding The Implications For Your Devices,False,False,False,False,True,,4778,3,
5588,post,draft,https://commscloud.com/?p=5588,/?p=5588,What Are The Challenges Of Achieving Device Interoperability In Smart Homes? Insights And Solutions,False,False,False,False,True,,4172,3,
5589,post,draft,https://commscloud.com/?p=5589,/?p=5589,What Solutions Exist For Improving Device Interoperability Across Various Platforms? Enhance Your Dash Cam Experience,False,False,False,False,True,,4664,3,
5590,post,draft,https://commscloud.com/?p=5590,/?p=5590,How Can Businesses Ensure Seamless Device Interoperability For Better Data Exchange? Exploring Solutions For Optimal Connectivity,False,False,False,False,True,,4533,3,
5592,post,draft,https://commscloud.com/?p=5592,/?p=5592,What Are The Most Effective Network Optimization Strategies For Iot Applications? Enhance Your Dash Cam Performance,False,False,False,False,True,,4823,3,
5593,post,draft,https://commscloud.com/?p=5593,/?p=5593,How Can Businesses Implement Network Optimization Strategies To Enhance Performance? Discover Effective Approaches And Tools,False,False,False,False,True,,4135,3,
5594,post,draft,https://commscloud.com/?p=5594,/?p=5594,What Factors Should Be Considered When Selecting Network Optimization Tools For Iot? - Enhance Your Dash Cam Experience,False,False,False,False,True,,4587,3,
5595,post,draft,https://commscloud.com/?p=5595,/?p=5595,How Do Different Network Optimization Strategies Impact Operational Efficiency In Smart Cities? Insights And Strategies,False,False,False,False,True,,4577,3,
5596,post,draft,https://commscloud.com/?p=5596,/?p=5596,What Are The Key Benefits Of Adopting Advanced Network Optimization Techniques In Industrial Settings?,False,False,False,False,True,,4294,3,
5598,post,draft,https://commscloud.com/?p=5598,/?p=5598,How Can Businesses Enhance Their Connectivity Management For Iot Devices? Explore Effective Solutions,False,False,False,False,True,,4247,3,
5599,post,draft,https://commscloud.com/?p=5599,/?p=5599,What Are The Key Features Of Effective Connectivity Management Solutions? Discover Essential Attributes For Optimized Dash Cam Performance,False,False,False,False,True,,3867,3,
5600,post,draft,https://commscloud.com/?p=5600,/?p=5600,What Factors Should I Consider When Selecting A Connectivity Management Platform? Key Insights For Dash Cam Use,False,False,False,False,True,,3830,3,
5601,post,draft,https://commscloud.com/?p=5601,/?p=5601,How Do Connectivity Management Solutions Impact Operational Efficiency In Enterprises? Enhance Enterprise Productivity With Effective Connectivity Management,False,False,False,False,True,,4477,3,
805,post,publish,https://commscloud.com/news-and-views/ict/the-financial-case-for-moving-to-the-cloud/,/news-and-views/ict/the-financial-case-for-moving-to-the-cloud/,The Financial Case for Moving to the Cloud.,False,False,False,True,False,,4336,9,missing_meta_description; missing_seo_title
808,post,publish,https://commscloud.com/news-and-views/ai-security/machine-intelligence-in-the-real-world/,/news-and-views/ai-security/machine-intelligence-in-the-real-world/,Machine Intelligence In The Real World.,False,False,False,True,False,,17242,8,missing_meta_description; missing_seo_title
811,post,publish,https://commscloud.com/news-and-views/ict/top-10-it-cost-optimization-ideas/,/news-and-views/ict/top-10-it-cost-optimization-ideas/,Top 10 ICT Cost Optimization Ideas.,False,False,False,True,False,,5467,9,missing_meta_description; missing_seo_title
815,post,publish,https://commscloud.com/news-and-views/ict/the-digital-drivers-of-the-telco-transformation/,/news-and-views/ict/the-digital-drivers-of-the-telco-transformation/,The Digital Drivers of the Telco Transformation.,False,False,False,True,False,,8687,9,missing_meta_description; missing_seo_title
818,post,publish,https://commscloud.com/news-and-views/iot-trends/5g-where-networks-get-exponential/,/news-and-views/iot-trends/5g-where-networks-get-exponential/,5G: where networks get exponential.,False,False,False,True,False,"a:1:{i:0;s:7:""noindex"";}",3666,16,missing_meta_description; missing_seo_title
822,post,publish,https://commscloud.com/news-and-views/ict/partnering-to-shape-the-future-its-new-imperative/,/news-and-views/ict/partnering-to-shape-the-future-its-new-imperative/,Partnering to shape the future – ICT’s new imperative.,False,False,False,True,False,,10508,9,missing_meta_description; missing_seo_title
825,post,publish,https://commscloud.com/news-and-views/ict/the-dawn-of-a-new-era-in-the-networking-industry/,/news-and-views/ict/the-dawn-of-a-new-era-in-the-networking-industry/,The dawn of a new era in the networking industry?.,False,False,False,True,False,,3887,8,missing_meta_description; missing_seo_title
828,post,publish,https://commscloud.com/news-and-views/iot-trends/smart-machines-and-iot-platforms-are-going-to-be-big/,/news-and-views/iot-trends/smart-machines-and-iot-platforms-are-going-to-be-big/,Smart machines and IoT platforms are going to be big.,False,False,False,True,False,,4516,8,missing_meta_description; missing_seo_title
837,post,publish,https://commscloud.com/news-and-views/iot-trends/the-key-to-africas-development-it-could-be-the-internet-of-things/,/news-and-views/iot-trends/the-key-to-africas-development-it-could-be-the-internet-of-things/,The key to Africa's development? It could be IoT,False,False,False,True,False,,11551,10,missing_meta_description; missing_seo_title
840,post,publish,https://commscloud.com/news-and-views/ai-security/ransomware-attacks-on-the-rise-as-cyber-crime-goes-high-tech/,/news-and-views/ai-security/ransomware-attacks-on-the-rise-as-cyber-crime-goes-high-tech/,Ransomware attacks on the rise as cyber crime goes high tech.,False,False,False,True,False,,8368,8,missing_meta_description; missing_seo_title
847,post,publish,https://commscloud.com/news-and-views/ict/sd-wan-to-the-rescue/,/news-and-views/ict/sd-wan-to-the-rescue/,SDWAN To The Rescue.,False,False,False,True,False,,4743,8,missing_meta_description; missing_seo_title
850,post,publish,https://commscloud.com/news-and-views/ict/video-conferencing-level-up/,/news-and-views/ict/video-conferencing-level-up/,Video conferencing: Level up.,False,False,False,True,False,,15698,9,missing_meta_description; missing_seo_title
859,post,publish,https://commscloud.com/news-and-views/ai-security/ai-comes-to-the-call-centre/,/news-and-views/ai-security/ai-comes-to-the-call-centre/,AI comes to the call centre.,False,False,False,True,False,,8342,9,missing_meta_description; missing_seo_title
862,post,publish,https://commscloud.com/news-and-views/ai-security/is-ai-the-next-frontier-for-national-competitive-advantage/,/news-and-views/ai-security/is-ai-the-next-frontier-for-national-competitive-advantage/,Is AI the Next Frontier for National Competitive Advantage?.,False,False,False,True,False,,13674,8,missing_meta_description; missing_seo_title
865,post,publish,https://commscloud.com/news-and-views/ict/multi-cloud-is-the-new-cloud-reality/,/news-and-views/ict/multi-cloud-is-the-new-cloud-reality/,Multi cloud is the New Cloud Reality.,False,False,False,True,False,,11590,10,missing_meta_description; missing_seo_title
871,post,publish,https://commscloud.com/news-and-views/ai-security/five-champion-vendors-lead-the-cybersecurity-leadership-matrix-2019-canalys/,/news-and-views/ai-security/five-champion-vendors-lead-the-cybersecurity-leadership-matrix-2019-canalys/,"Five ""Champion"" vendors lead the Cybersecurity Leadership Matrix 2019 - Canalys.",False,False,False,True,False,,9319,9,missing_meta_description; missing_seo_title
875,post,publish,https://commscloud.com/news-and-views/ict/take-charge/,/news-and-views/ict/take-charge/,Take charge of your Telecoms Expenses,False,False,False,True,False,,14290,17,missing_meta_description; missing_seo_title
885,post,publish,https://commscloud.com/news-and-views/ict/cost-optimization-opportunities-for-mobility-services-and-devices-are-emerging/,/news-and-views/ict/cost-optimization-opportunities-for-mobility-services-and-devices-are-emerging/,Cost Optimisation Opportunities for Mobility Services and Devices Are Emerging.,False,False,False,True,False,"a:1:{i:0;s:7:""noindex"";}",27233,15,missing_meta_description; missing_seo_title
893,post,publish,https://commscloud.com/news-and-views/ai-security/why-aiot-is-emerging-as-the-future-of-industry-4-0/,/news-and-views/ai-security/why-aiot-is-emerging-as-the-future-of-industry-4-0/,Why AIoT Is Emerging As The Future Of Industry 4.0.,False,False,False,True,False,,6466,10,missing_meta_description; missing_seo_title
897,post,publish,https://commscloud.com/news-and-views/ict/omnichannel-vs-multichannel-why-it-matters/,/news-and-views/ict/omnichannel-vs-multichannel-why-it-matters/,Omnichannel vs. Multichannel for call centers | Why It Matters.,False,False,False,True,False,,8364,9,missing_meta_description; missing_seo_title
900,post,publish,https://commscloud.com/news-and-views/ict/sa-economy-in-deep-trouble-amid-widening-ict-skills-gap/,/news-and-views/ict/sa-economy-in-deep-trouble-amid-widening-ict-skills-gap/,SA economy in ‘deep trouble’ amid widening ICT skills gap.,False,False,False,True,False,,11291,15,missing_meta_description; missing_seo_title
904,post,publish,https://commscloud.com/news-and-views/iot-trends/mobile-market-share-2019-vodacom-vs-mtn-vs-cell-c-vs-telkom/,/news-and-views/iot-trends/mobile-market-share-2019-vodacom-vs-mtn-vs-cell-c-vs-telkom/,Mobile network market share 2019: Vodacom vs MTN vs Cell C vs Telkom.,False,False,False,True,False,,6717,9,missing_meta_description; missing_seo_title
911,post,publish,https://commscloud.com/news-and-views/ict/changing-the-conversation-2/,/news-and-views/ict/changing-the-conversation-2/,Changing the conversation with SDWAN,False,False,False,True,False,,14057,18,missing_meta_description; missing_seo_title
917,post,publish,https://commscloud.com/news-and-views/ai-security/deep-dive-into-cyber-security-one-webinar-at-a-time-via-sophos/,/news-and-views/ai-security/deep-dive-into-cyber-security-one-webinar-at-a-time-via-sophos/,Deep Dive into Cyber Security - one webinar at a time (via Sophos).,False,False,False,True,False,,4411,9,missing_meta_description; missing_seo_title
925,post,publish,https://commscloud.com/news-and-views/iot-trends/the-search-for-a-standard-for-iot-connectivity-continues/,/news-and-views/iot-trends/the-search-for-a-standard-for-iot-connectivity-continues/,The search for a standard for IoT connectivity continues.,False,False,False,True,False,"a:1:{i:0;s:7:""noindex"";}",7187,16,missing_meta_description; missing_seo_title
931,post,publish,https://commscloud.com/news-and-views/iot-trends/four-ways-to-transform-field-services-through-iot-and-emerging-technologies/,/news-and-views/iot-trends/four-ways-to-transform-field-services-through-iot-and-emerging-technologies/,Four Ways to Transform Field Services Through IoT Connectivity and Emerging Technologies.,False,False,False,True,False,,5498,9,missing_meta_description; missing_seo_title
935,post,publish,https://commscloud.com/news-and-views/ict/ict-precious-skills-for-individuals-and-for-society/,/news-and-views/ict/ict-precious-skills-for-individuals-and-for-society/,"ICT: Precious Skills for Individuals, and for Society.",False,False,False,True,False,,8299,9,missing_meta_description; missing_seo_title
937,post,publish,https://commscloud.com/the-best-iot-sim-card/esim-vs-isim/guide-to-iot-terminology/,/the-best-iot-sim-card/esim-vs-isim/guide-to-iot-terminology/,IoT Terminology Guide – Understanding IoT Terms,True,True,False,True,False,,67091,25,
952,post,publish,https://commscloud.com/news-and-views/ict/these-are-the-best-and-worst-mobile-networks-in-south-africa/,/news-and-views/ict/these-are-the-best-and-worst-mobile-networks-in-south-africa/,Best and worst mobile networks in South Africa.,False,True,False,True,False,,7649,20,missing_seo_title
955,post,publish,https://commscloud.com/news-and-views/iot-trends/iot-in-action/,/news-and-views/iot-trends/iot-in-action/,"IoT In Action: 5 Questions with Nir Shalom, CEO FloLive.",False,False,False,True,False,,5842,19,missing_meta_description; missing_seo_title
957,post,publish,https://commscloud.com/news-and-views/iot-trends/what-is-iiot-industrial-internet-of-things-explained/,/news-and-views/iot-trends/what-is-iiot-industrial-internet-of-things-explained/,What is IIoT? Industrial Internet of Things Explained.,False,False,False,True,False,,21365,16,missing_meta_description; missing_seo_title
1036,post,publish,https://commscloud.com/news-and-views/ict/changing-the-conversation/,/news-and-views/ict/changing-the-conversation/,Changing the conversation around ICT,False,False,False,True,False,,12750,19,missing_meta_description; missing_seo_title
1038,post,publish,https://commscloud.com/news-and-views/ict/who-you-gonna-call/,/news-and-views/ict/who-you-gonna-call/,Who you gonna call for ICT?,False,False,False,True,False,"a:1:{i:0;s:7:""noindex"";}",6727,18,missing_meta_description; missing_seo_title
1047,post,publish,https://commscloud.com/news-and-views/ict/cmh-converges-networks-cuts-costs/,/news-and-views/ict/cmh-converges-networks-cuts-costs/,"CMH converges networks, cuts ICT costs",False,False,False,True,False,"a:1:{i:0;s:7:""noindex"";}",4909,18,missing_meta_description; missing_seo_title
1615,post,publish,https://commscloud.com/the-best-iot-sim-card/esim-vs-isim/euicc-features-benefits/,/the-best-iot-sim-card/esim-vs-isim/euicc-features-benefits/,eUICC Benefits for IoT Connectivity,True,True,False,True,False,,15248,21,
1632,post,publish,https://commscloud.com/the-best-iot-sim-card/iot-sim-cards-for-africa/network-steering/,/the-best-iot-sim-card/iot-sim-cards-for-africa/network-steering/,The Essential Guide to IoT Steering and Connectivity,True,True,False,True,False,,15303,24,
1652,post,publish,https://commscloud.com/the-best-iot-sim-card/iot-sim-cards-for-africa/why-roaming-is-inadequate-for-iot/,/the-best-iot-sim-card/iot-sim-cards-for-africa/why-roaming-is-inadequate-for-iot/,Understanding IoT Roaming Restrictions and Permanent Roaming Limitations,True,True,False,True,False,,16553,21,
1756,post,publish,https://commscloud.com/the-best-iot-sim-card/what-is-an-isim/,/the-best-iot-sim-card/what-is-an-isim/,iSIM Explained: What is an iSIM?,True,True,False,True,False,,14333,26,
1824,post,publish,https://commscloud.com/news-and-views/iot-trends/satellite-connectivity/,/news-and-views/iot-trends/satellite-connectivity/,Mastering Satellite IoT Connectivity,False,False,True,True,False,,5536,19,missing_meta_description; missing_seo_title
1848,post,publish,https://commscloud.com/the-best-iot-sim-card/africa-iot/,/the-best-iot-sim-card/africa-iot/,Africa IoT Potential: A Booming Continent with Massive Opportunities,True,True,False,True,False,,14815,23,
1653,post,publish,https://commscloud.com/the-best-iot-sim-card/cloud-connect-sim-card/,/the-best-iot-sim-card/cloud-connect-sim-card/,Cloud Connect SIM Card Solutions,True,True,False,True,False,,23151,20,
1800,post,publish,https://commscloud.com/the-best-iot-sim-card/esim-and-euicc-on-iot/,/the-best-iot-sim-card/esim-and-euicc-on-iot/,eUICC vs eSIM: The Impact on IoT Connectivity and Deployment,True,True,False,True,False,,16081,21,
1982,post,publish,https://commscloud.com/the-best-iot-sim-card/iot-sim-cards-for-africa/multi-imsi/,/the-best-iot-sim-card/iot-sim-cards-for-africa/multi-imsi/,Is Your Multi-IMSI IoT SIM Card Solution Truly Effective?,True,True,False,True,False,,16383,21,
2270,post,publish,https://commscloud.com/the-best-iot-sim-card/iot-sim-card/,/the-best-iot-sim-card/iot-sim-card/,Can any IoT SIM card be used in any device?,False,False,True,True,False,,4513,26,missing_meta_description; missing_seo_title
3277,post,publish,https://commscloud.com/the-best-iot-sim-card/esim-vs-isim/imsi-vs-euicc/,/the-best-iot-sim-card/esim-vs-isim/imsi-vs-euicc/,IMSI and eUICC – Multi-IMSI vs eUICC: Exploring Global Connectivity Options,True,True,False,True,False,,16920,20,
3428,post,publish,https://commscloud.com/the-best-iot-sim-card/cross-border-iot-connectivity/fleet-management/,/the-best-iot-sim-card/cross-border-iot-connectivity/fleet-management/,The Future of Fleet Management and IoT Connectivity,False,False,False,True,False,,7319,16,missing_meta_description; missing_seo_title
3446,post,publish,https://commscloud.com/the-best-iot-sim-card/iot-sim-cards-for-africa/iot-connectivity/,/the-best-iot-sim-card/iot-sim-cards-for-africa/iot-connectivity/,Transforming IoT Connectivity in Africa with CommsCloud,False,True,False,True,False,,7493,19,missing_seo_title
3462,post,publish,https://commscloud.com/the-best-iot-sim-card/iot-sim-cards-for-africa/iot-connectivity-africa/,/the-best-iot-sim-card/iot-sim-cards-for-africa/iot-connectivity-africa/,Unlocking Seamless IoT Connectivity: A Game-Changer for African Businesses,False,True,False,True,False,,7975,20,missing_seo_title
3512,post,publish,https://commscloud.com/news-and-views/iot-trends/iot-cybersecurity/,/news-and-views/iot-trends/iot-cybersecurity/,IoT Cybersecurity: The Broadening Regulatory Landscape,False,True,False,True,False,,19183,17,missing_seo_title
3637,post,publish,https://commscloud.com/the-best-iot-sim-card/future-of-fleet-management/,/the-best-iot-sim-card/future-of-fleet-management/,Why IoT Connectivity is Key to the Future of Fleet Management,False,False,False,True,False,,5670,18,missing_meta_description; missing_seo_title
3779,post,publish,https://commscloud.com/the-best-iot-sim-card/fleet-maintenance/,/the-best-iot-sim-card/fleet-maintenance/,How Predictive Fleet Maintenance is Changing Fleet Management,False,True,False,True,False,,4366,18,missing_seo_title
3795,post,publish,https://commscloud.com/the-best-iot-sim-card/video-telematics/,/the-best-iot-sim-card/video-telematics/,The Role of Video Telematics in Fleet Safety and Efficiency,False,True,False,True,False,,4802,16,missing_seo_title
3871,post,publish,https://commscloud.com/the-best-iot-sim-card/volte-iot/,/the-best-iot-sim-card/volte-iot/,The Rising Demand of VoLTE in IoT: A New Era of Connectivity,False,True,False,True,False,,4993,19,missing_seo_title
3954,post,publish,https://commscloud.com/onboarding-testing-iot-devices-hardware/iot-modems/,/onboarding-testing-iot-devices-hardware/iot-modems/,"How IoT Modems, SIM Cards, and Operators Work Together for Mobile Network Registration",True,True,False,True,False,,9470,22,
4557,post,publish,https://commscloud.com/the-best-iot-sim-card/smart-mobility/,/the-best-iot-sim-card/smart-mobility/,Smart Mobility Meets Smart Connectivity,False,True,False,True,False,,4203,18,missing_seo_title
4580,post,publish,https://commscloud.com/the-best-iot-sim-card/iot-solutions-scale/,/the-best-iot-sim-card/iot-solutions-scale/,IoT Solutions At Scale Is Hard — And Why You Shouldn't Have to Do It Alone,False,True,False,True,False,,5342,18,missing_seo_title
4639,post,publish,https://commscloud.com/the-best-iot-sim-card/iot-at-scale/,/the-best-iot-sim-card/iot-at-scale/,Why IoT at Scale Struggles in Africa – And What Comes Next,False,True,False,True,False,,6405,21,missing_seo_title
4668,post,publish,https://commscloud.com/the-best-iot-sim-card/iot-sim-cards-for-scale/,/the-best-iot-sim-card/iot-sim-cards-for-scale/,How to Choose IoT SIM cards for Scale,False,True,False,True,False,,8058,23,missing_seo_title
5148,post,publish,https://commscloud.com/the-best-iot-sim-card/iot-sim-cards-for-africa/connectivity-management-portal/,/the-best-iot-sim-card/iot-sim-cards-for-africa/connectivity-management-portal/,Inside CommsCloud’s CMP. Why Every IoT Provider Needs a Connectivity Management Portal.,True,True,False,True,False,,9275,21,
5177,post,publish,https://commscloud.com/the-best-iot-sim-card/single-sku/,/the-best-iot-sim-card/single-sku/,"The Best IoT SIM Card in Africa: Single SKU, Multi-Network, Cross-Border Ready",True,True,False,True,False,,10245,20,
1996,post,trash,https://commscloud.com/?p=1996,/?p=1996,How Does IoT Connectivity Power Smart City Innovation?,False,False,False,True,False,,5150,24,
5236,post,publish,https://commscloud.com/the-best-iot-sim-card/iot-sim-cards-for-africa/sla/,/the-best-iot-sim-card/iot-sim-cards-for-africa/sla/,CommsCloud Service Level Agreement (SLA) Overview,True,False,False,True,False,,10477,18,missing_meta_description
5559,post,publish,https://commscloud.com/iot-connectivity/best-solutions-businesses/,/iot-connectivity/best-solutions-businesses/,What Are the Best IoT Connectivity Solutions for African Businesses?,False,False,False,False,True,,10798,17,missing_meta_description; missing_seo_title
6135,post,publish,https://commscloud.com/the-best-iot-sim-card/embedded-sims/,/the-best-iot-sim-card/embedded-sims/,"Embedded SIM: How It Works, Pros/Cons, and 5 Best Practices",True,True,False,True,False,,15513,26,
