path,source_schema_keys,imported_schema_types,unresolved_keys,status
/,,,,no-source-schema
/about-us/,,,,no-source-schema
/beit-bridge-iot-connectivity/,,,,no-source-schema
/cellular-iot-solutions/,article_schema,WebPage,,imported
/cellular-iot-solutions/cross-border-iot-in-africa/,,,,no-source-schema
/cellular-iot-solutions/fleet-connectivity-drops-at-african-borders/,,,,no-source-schema
/cellular-iot-solutions/fleet-connectivity-for-africa/,,,,no-source-schema
/chirundu-iot-connectivity/,,,,no-source-schema
/commscloud-coverage-map/,,,,no-source-schema
/commscloud-pricing/,,,,no-source-schema
/connected-things/cross-border-iot-connectivity-african-logistics/,,,,no-source-schema
/connectivity-as-a-strategy/,,,,no-source-schema
/connectivity-as-a-strategy/hidden-single-point-of-failure/,,,,no-source-schema
/connectivity-as-a-strategy/rethinking-iot-networks/,,,,no-source-schema
/connectivity-as-a-strategy/sim-choice-becomes-an-architecture-decision-at-scale/,,,,no-source-schema
/connectivity-as-a-strategy/why-iot-support-fails-when-connectivity-isnt-observable/,,,,no-source-schema
/connectivity-management-portal/,,,,no-source-schema
/contact/,,,,no-source-schema
/dashcams/,article_schema | rank_math_schema_FAQPage | rank_math_schema_HowTo | rank_math_schema_Article,WebPage | FAQPage | HowTo | Article,,imported
/dashcams/installation-near-me/,article_schema,WebPage,,imported
/dashcams/mobile-network-management/,article_schema,WebPage,,imported
/dashcams/south-africa/,article_schema,WebPage,,imported
/faq/,,,,no-source-schema
/iot-connectivity-africa/,rank_math_schema_FAQPage,FAQPage,,imported
/iot-connectivity-africa/iot-network-protocols/,article_schema,WebPage,,imported
/iot-connectivity-in-africa/,article_schema | rank_math_schema_FAQPage,WebPage | FAQPage,,imported
/iot-connectivity-in-africa/cellular-connectivity-solutions/,article_schema,WebPage,,imported
/iot-connectivity-in-africa/device-management-platforms/,article_schema,WebPage,,imported
/iot-connectivity-in-africa/edge-computing-solutions/,article_schema,WebPage,,imported
/iot-connectivity-in-africa/fleet-management/,,,,no-source-schema
/iot-connectivity-in-africa/iot-connectivity/,,,,no-source-schema
/iot-connectivity-in-africa/iot-security-frameworks/,article_schema,WebPage,,imported
/iot-connectivity-in-africa/lpwan-technologies/,article_schema,WebPage,,imported
/iot-connectivity-in-africa/realtime-data-analytics/,article_schema,WebPage,,imported
/iot-connectivity-in-africa/remote-device-monitoring/,article_schema,WebPage,,imported
/iot-connectivity-in-africa/wireless-sensor-networks/,article_schema,WebPage,,imported
/iot-connectivity/best-solutions-businesses/,article_schema,WebPage,,imported
/iot-sim-card/,article_schema,WebPage,,imported
/iot-sim-card/iot-data-plans/,article_schema,WebPage,,imported
/iot-sim-card/m2m-sim-cards/,article_schema,WebPage,,imported
/iot-sim-card/smart-device-connectivity/,article_schema,WebPage,,imported
/kazungula-iot-connectivity/,,,,no-source-schema
/lebombo-ressano-garcia-iot-connectivity/,,,,no-source-schema
/more-info/,,,,no-source-schema
/news-and-views/,,,,no-source-schema
/news-and-views/ai-security/,,,,no-source-schema
/news-and-views/ai-security/ai-comes-to-the-call-centre/,,,,no-source-schema
/news-and-views/ai-security/deep-dive-into-cyber-security-one-webinar-at-a-time-via-sophos/,,,,no-source-schema
/news-and-views/ai-security/five-champion-vendors-lead-the-cybersecurity-leadership-matrix-2019-canalys/,,,,no-source-schema
/news-and-views/ai-security/is-ai-the-next-frontier-for-national-competitive-advantage/,,,,no-source-schema
/news-and-views/ai-security/machine-intelligence-in-the-real-world/,,,,no-source-schema
/news-and-views/ai-security/ransomware-attacks-on-the-rise-as-cyber-crime-goes-high-tech/,,,,no-source-schema
/news-and-views/ai-security/why-aiot-is-emerging-as-the-future-of-industry-4-0/,,,,no-source-schema
/news-and-views/ict/,,,,no-source-schema
/news-and-views/ict/buying-more-pain-at-a-lower-price/,,,,no-source-schema
/news-and-views/ict/changing-the-conversation-2/,,,,no-source-schema
/news-and-views/ict/changing-the-conversation/,,,,no-source-schema
/news-and-views/ict/cmh-converges-networks-cuts-costs/,,,,no-source-schema
/news-and-views/ict/cost-optimization-opportunities-for-mobility-services-and-devices-are-emerging/,,,,no-source-schema
/news-and-views/ict/ict-precious-skills-for-individuals-and-for-society/,,,,no-source-schema
/news-and-views/ict/multi-cloud-is-the-new-cloud-reality/,,,,no-source-schema
/news-and-views/ict/omnichannel-vs-multichannel-why-it-matters/,,,,no-source-schema
/news-and-views/ict/partnering-to-shape-the-future-its-new-imperative/,,,,no-source-schema
/news-and-views/ict/past-present-and-future-of-sa-telecoms/,,,,no-source-schema
/news-and-views/ict/sa-economy-in-deep-trouble-amid-widening-ict-skills-gap/,,,,no-source-schema
/news-and-views/ict/sd-wan-to-the-rescue/,,,,no-source-schema
/news-and-views/ict/take-charge/,,,,no-source-schema
/news-and-views/ict/the-dawn-of-a-new-era-in-the-networking-industry/,,,,no-source-schema
/news-and-views/ict/the-digital-drivers-of-the-telco-transformation/,,,,no-source-schema
/news-and-views/ict/the-financial-case-for-moving-to-the-cloud/,,,,no-source-schema
/news-and-views/ict/these-are-the-best-and-worst-mobile-networks-in-south-africa/,,,,no-source-schema
/news-and-views/ict/top-10-it-cost-optimization-ideas/,,,,no-source-schema
/news-and-views/ict/video-conferencing-level-up/,,,,no-source-schema
/news-and-views/ict/who-you-gonna-call/,,,,no-source-schema
/news-and-views/iot-trends/,,,,no-source-schema
/news-and-views/iot-trends/5g-where-networks-get-exponential/,,,,no-source-schema
/news-and-views/iot-trends/four-ways-to-transform-field-services-through-iot-and-emerging-technologies/,,,,no-source-schema
/news-and-views/iot-trends/iot-cybersecurity/,,,,no-source-schema
/news-and-views/iot-trends/iot-in-action/,,,,no-source-schema
/news-and-views/iot-trends/mobile-market-share-2019-vodacom-vs-mtn-vs-cell-c-vs-telkom/,,,,no-source-schema
/news-and-views/iot-trends/satellite-connectivity/,,,,no-source-schema
/news-and-views/iot-trends/smart-machines-and-iot-platforms-are-going-to-be-big/,,,,no-source-schema
/news-and-views/iot-trends/the-key-to-africas-development-it-could-be-the-internet-of-things/,,,,no-source-schema
/news-and-views/iot-trends/the-search-for-a-standard-for-iot-connectivity-continues/,,,,no-source-schema
/news-and-views/iot-trends/what-is-iiot-industrial-internet-of-things-explained/,,,,no-source-schema
/news-insights/,,,,no-source-schema
/oem-library-2/,,,,no-source-schema
/oem-library-2/gsm-modems/,,,,no-source-schema
/oem-library-2/oem-library/,,,,no-source-schema
/oem-library-2/oem-library/commscloud-isnt-just-an-iot-connectivity-provider/,,,,no-source-schema
/oem-library-2/oem-library/onboarding-testing-iot-devices-hardware/,,,,no-source-schema
/onboarding-testing-iot-devices-hardware/iot-modems/,,,,no-source-schema
/privacy-policy/,,,,no-source-schema
/private-apn-vpn/,,,,no-source-schema
/questionnaire/,,,,no-source-schema
/remote-monitoring-systems/,article_schema,WebPage,,imported
/remote-monitoring-systems/asset-tracking/,article_schema,WebPage,,imported
/remote-monitoring-systems/energy-management-systems/,article_schema,WebPage,,imported
/remote-monitoring-systems/environmental-monitoring-solutions/,article_schema,WebPage,,imported
/remote-monitoring-systems/fleet-management-technology/,article_schema,WebPage,,imported
/remote-monitoring-systems/health-monitoring-platforms/,article_schema,WebPage,,imported
/the-best-iot-sim-card/,rank_math_schema_FAQPage,FAQPage,,imported
/the-best-iot-sim-card/africa-iot/,,,,no-source-schema
/the-best-iot-sim-card/asset-tracking/,,,,no-source-schema
/the-best-iot-sim-card/cat-m-vs-nb-iot-the-differences/,,,,no-source-schema
/the-best-iot-sim-card/cloud-connect-sim-card/,,,,no-source-schema
/the-best-iot-sim-card/cross-border-iot-connectivity/fleet-management/,,,,no-source-schema
/the-best-iot-sim-card/embedded-sims/,,,,no-source-schema
/the-best-iot-sim-card/esim-and-euicc-on-iot/,,,,no-source-schema
/the-best-iot-sim-card/esim-vs-isim/,,,,no-source-schema
/the-best-iot-sim-card/esim-vs-isim/euicc-features-benefits/,,,,no-source-schema
/the-best-iot-sim-card/esim-vs-isim/guide-to-iot-terminology/,,,,no-source-schema
/the-best-iot-sim-card/esim-vs-isim/imsi-vs-euicc/,,,,no-source-schema
/the-best-iot-sim-card/fleet-maintenance/,,,,no-source-schema
/the-best-iot-sim-card/future-of-fleet-management/,,,,no-source-schema
/the-best-iot-sim-card/iot-at-scale/,,,,no-source-schema
/the-best-iot-sim-card/iot-sim-card/,,,,no-source-schema
/the-best-iot-sim-card/iot-sim-cards-for-africa/,,,,no-source-schema
/the-best-iot-sim-card/iot-sim-cards-for-africa/connectivity-management-portal/,,,,no-source-schema
/the-best-iot-sim-card/iot-sim-cards-for-africa/iot-connectivity-africa/,,,,no-source-schema
/the-best-iot-sim-card/iot-sim-cards-for-africa/iot-connectivity/,,,,no-source-schema
/the-best-iot-sim-card/iot-sim-cards-for-africa/multi-imsi/,,,,no-source-schema
/the-best-iot-sim-card/iot-sim-cards-for-africa/network-steering/,,,,no-source-schema
/the-best-iot-sim-card/iot-sim-cards-for-africa/sla/,,,,no-source-schema
/the-best-iot-sim-card/iot-sim-cards-for-africa/why-roaming-is-inadequate-for-iot/,,,,no-source-schema
/the-best-iot-sim-card/iot-sim-cards-for-scale/,,,,no-source-schema
/the-best-iot-sim-card/iot-solutions-scale/,,,,no-source-schema
/the-best-iot-sim-card/monitoring-with-iot-sim-cards/,,,,no-source-schema
/the-best-iot-sim-card/sim-technology/,,,,no-source-schema
/the-best-iot-sim-card/single-sku/,,,,no-source-schema
/the-best-iot-sim-card/smart-mobility/,,,,no-source-schema
/the-best-iot-sim-card/utilities/,,,,no-source-schema
/the-best-iot-sim-card/video-telematics/,,,,no-source-schema
/the-best-iot-sim-card/volte-iot/,,,,no-source-schema
/the-best-iot-sim-card/what-is-an-isim/,,,,no-source-schema
