old_url,old_path,new_url,new_path,redirect_type,post_type,status,title,slug,seo_title,meta_description,canonical,robots,focus_keyword,content_length,categories,tags
https://commscloud.com/privacy-policy/,/privacy-policy/,https://commscloud.com/privacy-policy/,/privacy-policy/,none,page,publish,Data Privacy Policy,privacy-policy,%title%,,,,Data Privacy,5258,,
https://commscloud.com/iot-connectivity-africa/,/iot-connectivity-africa/,https://commscloud.com/iot-connectivity-africa/,/iot-connectivity-africa/,none,page,publish,IoT Connectivity Africa: Future-proof Solutions by CommsCloud,iot-connectivity-africa,"IoT Connectivity Africa | Multi-IMSI SIM, No Roaming | CommsCloud","One SIM, up to 10 networks, 50+ African countries. Cross-border IoT connectivity built for Africa — no bundles, no operator lock-in.",,,IoT Connectivity Africa,22060,,
https://commscloud.com/about-us/,/about-us/,https://commscloud.com/about-us/,/about-us/,none,page,publish,About CommsCloud,about-us,%title%,,,,CommsCloud,8027,,
https://commscloud.com/,/,https://commscloud.com/,/,none,page,publish,"IoT Connectivity for Africa — Multi-IMSI, Cross-Border | CommsCloud",connected-things,"IoT Connectivity for Africa — Multi-IMSI, Cross-Border | CommsCloud","CommsCloud keeps IoT devices online when they cross African borders. One SIM, up to 10 operators, 50+ countries. Read pricing, coverage and SLA",,,iot connectivity for africa,75637,,
https://commscloud.com/news-insights/,/news-insights/,https://commscloud.com/news-insights/,/news-insights/,none,page,publish,IoT News & Insights by CommsCloud,news-insights,,,,"a:1:{i:0;s:7:""noindex"";}",IoT News,62,,
https://commscloud.com/questionnaire/,/questionnaire/,https://commscloud.com/questionnaire/,/questionnaire/,none,page,publish,Questionnaire,questionnaire,%title%,,,"a:1:{i:0;s:5:""index"";}",,5778,,
https://commscloud.com/more-info/,/more-info/,https://commscloud.com/more-info/,/more-info/,none,page,publish,More Info about CommsCloud,more-info,%title%,,,,CommsCloud,13335,,
https://commscloud.com/the-best-iot-sim-card/utilities/,/the-best-iot-sim-card/utilities/,https://commscloud.com/the-best-iot-sim-card/utilities/,/the-best-iot-sim-card/utilities/,none,page,publish,IoT SIM Cards for Utilities and Smart Grid Solutions,utilities,%title%,"Rony Cohen discusses IoT solutions for Utilities, featuring BERMAD's smart irrigation controllers. Discover centralized control, data availability, and security with Commscloud.",,,IoT SIM Card for Utilities,17762,,
https://commscloud.com/the-best-iot-sim-card/cat-m-vs-nb-iot-the-differences/,/the-best-iot-sim-card/cat-m-vs-nb-iot-the-differences/,https://commscloud.com/the-best-iot-sim-card/cat-m-vs-nb-iot-the-differences/,/the-best-iot-sim-card/cat-m-vs-nb-iot-the-differences/,none,page,publish,CAT-M vs NB-IoT for IoT SIM Cards | Differences and Applications,cat-m-vs-nb-iot-the-differences,%title%,Explore the crucial differences between NB-IoT and Cat-M with Commscloud. Discover which LPWAN technology suits your IoT needs for better connectivity and efficiency.,,,Cat-M vs NB-IoT,15948,,
https://commscloud.com/the-best-iot-sim-card/sim-technology/,/the-best-iot-sim-card/sim-technology/,https://commscloud.com/the-best-iot-sim-card/sim-technology/,/the-best-iot-sim-card/sim-technology/,none,page,publish,CloudConnect SIM Technology – 1st in IoT SIM Card Technology,sim-technology,%title%,"Enhance IoT with CloudConnect SIM technology. Commscloud offers secure, cost-effective global connectivity.",,,sim technology,16283,,
https://commscloud.com/contact/,/contact/,https://commscloud.com/contact/,/contact/,none,page,publish,Contact CommsCloud,contact,%title%,,,,CommsCloud,8610,,
https://commscloud.com/the-best-iot-sim-card/,/the-best-iot-sim-card/,https://commscloud.com/the-best-iot-sim-card/,/the-best-iot-sim-card/,none,page,publish,"Best IoT SIM Card for Africa: Autonomous Switching, Multi-IMSI Resilience",the-best-iot-sim-card,Best IoT SIM Cards 2026 — Africa Multi-IMSI Comparison,"Best IoT SIM cards for Africa in 2026. Multi-IMSI vs roaming SIMs compared on coverage, cost and uptime. The independent shortlist for fleet and asset OEMs.",,,Best IoT SIM Card,6180,,
https://commscloud.com/iot-connectivity-in-africa/iot-connectivity/,/iot-connectivity-in-africa/iot-connectivity/,https://commscloud.com/iot-connectivity-in-africa/iot-connectivity/,/iot-connectivity-in-africa/iot-connectivity/,none,page,publish,Overcoming Cross Border IoT Connectivity Challenges for Fleet Management: A Positive Outlook,iot-connectivity,,"Cross Border IoT Connectivity is crucial for streamlining goods transportation, ensuring driver safety, and dynamically adapting the supply chain.",,,iot connectivity,5062,,
https://commscloud.com/the-best-iot-sim-card/asset-tracking/,/the-best-iot-sim-card/asset-tracking/,https://commscloud.com/the-best-iot-sim-card/asset-tracking/,/the-best-iot-sim-card/asset-tracking/,none,page,publish,An introduction to Asset Tracking Systems,asset-tracking,%title%,"Asset tracking systems are the backbone of modern inventory and operational management, empowering businesses to manage their resources efficiently.",https://commscloud.com/the-best-iot-sim-card/iot-sim-cards-for-africa/asset-tracking/,,Asset Tracking,15813,,
https://commscloud.com/the-best-iot-sim-card/iot-sim-cards-for-africa/,/the-best-iot-sim-card/iot-sim-cards-for-africa/,https://commscloud.com/the-best-iot-sim-card/iot-sim-cards-for-africa/,/the-best-iot-sim-card/iot-sim-cards-for-africa/,none,page,publish,IoT SIM Cards that place Africa's Unique Connectivity Needs 1st,iot-sim-cards-for-africa,%title%,CommsCloud CloudConnect IoT SIM Cards - delivering Future Proof Purpose Built IoT Solutions for Africa.,,,IoT SIM Cards,5221,,
https://commscloud.com/the-best-iot-sim-card/commscloud-partners-with-flolive/,/the-best-iot-sim-card/commscloud-partners-with-flolive/,https://commscloud.com/the-best-iot-sim-card/commscloud-partners-with-flolive/,/the-best-iot-sim-card/commscloud-partners-with-flolive/,none,page,publish,IoT Connectivity for Africa,commscloud-partners-with-flolive,%title%,,,,IoT Connectivity,2771,,
https://commscloud.com/oem-library-2/oem-library/onboarding-testing-iot-devices-hardware/,/oem-library-2/oem-library/onboarding-testing-iot-devices-hardware/,https://commscloud.com/oem-library-2/oem-library/onboarding-testing-iot-devices-hardware/,/oem-library-2/oem-library/onboarding-testing-iot-devices-hardware/,none,page,publish,IoT Device Onboarding- Unlocking the Power of Seamless IoT Connectivity,onboarding-testing-iot-devices-hardware,,Maximize your IoT ecosystem with CommsCloud’s advanced IoT SIM cards and connectivity solutions tailored for IoT devices. Seamlessly connect and manage your IoT deployments across multiple industries.,,,IoT Devices,12409,,
https://commscloud.com/oem-library-2/gsm-modems/,/oem-library-2/gsm-modems/,https://commscloud.com/oem-library-2/gsm-modems/,/oem-library-2/gsm-modems/,none,page,publish,IoT Devices - Why The Right GSM Modem Matters For Connectivity,gsm-modems,,Learn why choosing the right GSM modem is essential for IoT devices. Discover key considerations and real-world case studies.,https://commscloud.com/the-best-iot-sim-card/gsm-modems/,"a:1:{i:0;s:5:""index"";}",IoT Devices,7207,,
https://commscloud.com/news-and-views/,/news-and-views/,https://commscloud.com/news-and-views/,/news-and-views/,none,page,publish,News And Views from CommsCloud,news-and-views,,,,"a:1:{i:0;s:7:""noindex"";}",CommsCloud,850,,
https://commscloud.com/news-and-views/iot-trends/,/news-and-views/iot-trends/,https://commscloud.com/news-and-views/iot-trends/,/news-and-views/iot-trends/,none,page,publish,IoT Trends,iot-trends,,,,"a:1:{i:0;s:7:""noindex"";}",IoT Trends,904,,
https://commscloud.com/news-and-views/ict/,/news-and-views/ict/,https://commscloud.com/news-and-views/ict/,/news-and-views/ict/,none,page,publish,ICT,ict,,,,"a:1:{i:0;s:7:""noindex"";}",,116,,
https://commscloud.com/news-and-views/ai-security/,/news-and-views/ai-security/,https://commscloud.com/news-and-views/ai-security/,/news-and-views/ai-security/,none,page,publish,AI & Security,ai-security,,,,"a:1:{i:0;s:7:""noindex"";}",Ai & Security,62,,
https://commscloud.com/iot-sim-card/,/iot-sim-card/,https://commscloud.com/iot-sim-card/,/iot-sim-card/,none,page,publish,What is an IoT SIM Card — and why does the one you choose matter more in Africa?,iot-sim-card,"IoT SIM Card for Africa — Multi-IMSI, 47 Countries, 1 SIM","IoT SIM cards built for Africa. Multi-IMSI roaming across 47 countries on one SIM — for fleet tracking, asset monitoring, smart meters and connected devices.",,,IoT SIM Card,9639,,
https://commscloud.com/the-best-iot-sim-card/monitoring-with-iot-sim-cards/,/the-best-iot-sim-card/monitoring-with-iot-sim-cards/,https://commscloud.com/the-best-iot-sim-card/monitoring-with-iot-sim-cards/,/the-best-iot-sim-card/monitoring-with-iot-sim-cards/,none,page,publish,IoT SIM Cards - First Choice for Remote Monitoring Solutions,monitoring-with-iot-sim-cards,%title%,A client partnered with CommsCloud using our CloundConnect IoT SIM cards to design and implement a remote monitoring solution for batteries.,,,IoT SIM Cards,3715,,
https://commscloud.com/the-best-iot-sim-card/esim-vs-isim/,/the-best-iot-sim-card/esim-vs-isim/,https://commscloud.com/the-best-iot-sim-card/esim-vs-isim/,/the-best-iot-sim-card/esim-vs-isim/,none,page,publish,ESIM Vs ISIM: incl. 5 Use Cases for eSIM,esim-vs-isim,%title%,,,,eSIM,5937,,
https://commscloud.com/iot-connectivity-in-africa/fleet-management/,/iot-connectivity-in-africa/fleet-management/,https://commscloud.com/iot-connectivity-in-africa/fleet-management/,/iot-connectivity-in-africa/fleet-management/,none,page,publish,IoT SIM for Fleet Management in Africa: The Future of Fleet Management,fleet-management,,"CommsCloud offers resilient IoT SIM solutions for fleet management. Access advanced GPS tracking, sensor monitoring, and video telematics to manage your fleet effectively.",,,IoT SIM for Fleet Management in Africa,13465,,
https://commscloud.com/commscloud-coverage-map/,/commscloud-coverage-map/,https://commscloud.com/commscloud-coverage-map/,/commscloud-coverage-map/,none,page,publish,CommsCloud Cloud Connect Coverage Map,commscloud-coverage-map,%title%,,,,,673,,
https://commscloud.com/iot-connectivity-in-africa/,/iot-connectivity-in-africa/,https://commscloud.com/iot-connectivity-in-africa/,/iot-connectivity-in-africa/,none,page,publish,IoT Connectivity in Africa: One SIM. All Borders. No Downtime.,iot-connectivity-in-africa,IoT Connectivity in Africa | Multi-IMSI SIM Solutions — CommsCloud,"Enterprise IoT connectivity across 47 African countries. Multi-IMSI SIM cards and private APN/VPN for fleet operators, logistics providers and asset tracking businesses.",,,Iot Connectivity in Africa,11086,,
https://commscloud.com/iot-connectivity-africa/iot-network-protocols/,/iot-connectivity-africa/iot-network-protocols/,https://commscloud.com/iot-connectivity-africa/iot-network-protocols/,/iot-connectivity-africa/iot-network-protocols/,none,page,publish,Iot Network Protocols: Understanding Their Role In Dash Cam Connectivity,iot-network-protocols,%title%,,,,,3945,,
https://commscloud.com/iot-connectivity-in-africa/lpwan-technologies/,/iot-connectivity-in-africa/lpwan-technologies/,https://commscloud.com/iot-connectivity-in-africa/lpwan-technologies/,/iot-connectivity-in-africa/lpwan-technologies/,none,page,publish,Lpwan Technologies For Enhanced Connectivity In Dash Cams,lpwan-technologies,%title%,,,,,4544,,
https://commscloud.com/iot-connectivity-in-africa/device-management-platforms/,/iot-connectivity-in-africa/device-management-platforms/,https://commscloud.com/iot-connectivity-in-africa/device-management-platforms/,/iot-connectivity-in-africa/device-management-platforms/,none,page,publish,Device Management Platforms For Effective Dash Cam Integration,device-management-platforms,%title%,,,,,4308,,
https://commscloud.com/iot-connectivity-in-africa/edge-computing-solutions/,/iot-connectivity-in-africa/edge-computing-solutions/,https://commscloud.com/iot-connectivity-in-africa/edge-computing-solutions/,/iot-connectivity-in-africa/edge-computing-solutions/,none,page,publish,Edge Computing Solutions For Enhanced Data Processing And Analytics,edge-computing-solutions,%title%,,,,,3650,,
https://commscloud.com/iot-connectivity-in-africa/wireless-sensor-networks/,/iot-connectivity-in-africa/wireless-sensor-networks/,https://commscloud.com/iot-connectivity-in-africa/wireless-sensor-networks/,/iot-connectivity-in-africa/wireless-sensor-networks/,none,page,publish,Wireless Sensor Networks For Enhanced Connectivity In Dash Cams,wireless-sensor-networks,%title%,,,,,4413,,
https://commscloud.com/cellular-iot-solutions/,/cellular-iot-solutions/,https://commscloud.com/cellular-iot-solutions/,/cellular-iot-solutions/,none,page,publish,Cellular IoT Solutions: Powering Africa’s Modern Connectivity,cellular-iot-solutions,Internet of Things Examples: 12 Cellular IoT Use Cases,"See real Internet of Things examples — fleet tracking, asset monitoring, smart meters, dashcams. How cellular IoT works across Africa, with live deployments.",,,cellular IoT solutions,7915,,
https://commscloud.com/iot-connectivity-in-africa/cellular-connectivity-solutions/,/iot-connectivity-in-africa/cellular-connectivity-solutions/,https://commscloud.com/iot-connectivity-in-africa/cellular-connectivity-solutions/,/iot-connectivity-in-africa/cellular-connectivity-solutions/,none,page,publish,Cellular Connectivity Solutions For Dash Cams: Your Guide,cellular-connectivity-solutions,,Cellular Connectivity Solutions are essential for your dash cam. You need to ensure that you transmit high-quality footage without interruption.,,,cellular connectivity solutions,17599,,
https://commscloud.com/iot-connectivity-in-africa/iot-security-frameworks/,/iot-connectivity-in-africa/iot-security-frameworks/,https://commscloud.com/iot-connectivity-in-africa/iot-security-frameworks/,/iot-connectivity-in-africa/iot-security-frameworks/,none,page,publish,Iot Security Frameworks: Essential Insights For Dash Cam Users,iot-security-frameworks,,,,,,4821,,
https://commscloud.com/dashcams/mobile-network-management/,/dashcams/mobile-network-management/,https://commscloud.com/dashcams/mobile-network-management/,/dashcams/mobile-network-management/,none,page,publish,Mobile Network Management Strategies to Boost Dash Cam Performance in Your Fleet,mobile-network-management,,,,,Mobile Network Management,9221,,
https://commscloud.com/iot-connectivity-in-africa/realtime-data-analytics/,/iot-connectivity-in-africa/realtime-data-analytics/,https://commscloud.com/iot-connectivity-in-africa/realtime-data-analytics/,/iot-connectivity-in-africa/realtime-data-analytics/,none,page,publish,Real-Time Data Analytics For Enhanced Dash Cam Performance,realtime-data-analytics,,,,,,4197,,
https://commscloud.com/iot-connectivity-in-africa/remote-device-monitoring/,/iot-connectivity-in-africa/remote-device-monitoring/,https://commscloud.com/iot-connectivity-in-africa/remote-device-monitoring/,/iot-connectivity-in-africa/remote-device-monitoring/,none,page,publish,Remote Device Monitoring For Dash Cams And Connected Vehicles,remote-device-monitoring,,,,,,4196,,
https://commscloud.com/remote-monitoring-systems/,/remote-monitoring-systems/,https://commscloud.com/remote-monitoring-systems/,/remote-monitoring-systems/,none,page,publish,Remote Monitoring Systems for African IoT — Cellular Connectivity Solutions,remote-monitoring-systems,Remote Monitoring Systems for Africa — Cellular IoT SIMs,"Remote monitoring systems built for Africa — cellular IoT SIMs with multi-IMSI roaming across 47 countries. Fleet, asset, environmental and utility monitoring.",,,remote monitoring systems,11387,,
https://commscloud.com/remote-monitoring-systems/asset-tracking/,/remote-monitoring-systems/asset-tracking/,https://commscloud.com/remote-monitoring-systems/asset-tracking/,/remote-monitoring-systems/asset-tracking/,none,page,publish,"Asset Tracking in Africa: How Always-On IoT Keeps Your Fleet, Equipment &amp; High-Value Assets Online — Across Every Border",asset-tracking,%title%,,,,asset tracking,10629,,
https://commscloud.com/remote-monitoring-systems/environmental-monitoring-solutions/,/remote-monitoring-systems/environmental-monitoring-solutions/,https://commscloud.com/remote-monitoring-systems/environmental-monitoring-solutions/,/remote-monitoring-systems/environmental-monitoring-solutions/,none,page,publish,Environmental Monitoring Solutions For Enhanced Data Collection,environmental-monitoring-solutions,%title%,,,,,3745,,
https://commscloud.com/remote-monitoring-systems/fleet-management-technology/,/remote-monitoring-systems/fleet-management-technology/,https://commscloud.com/remote-monitoring-systems/fleet-management-technology/,/remote-monitoring-systems/fleet-management-technology/,none,page,publish,Fleet Management Technologies For Optimal Dash Cam Performance,fleet-management-technology,%title%,,,,,3966,,
https://commscloud.com/remote-monitoring-systems/energy-management-systems/,/remote-monitoring-systems/energy-management-systems/,https://commscloud.com/remote-monitoring-systems/energy-management-systems/,/remote-monitoring-systems/energy-management-systems/,none,page,publish,Energy Management Systems Overview And Insights,energy-management-systems,%title%,,,,,3429,,
https://commscloud.com/remote-monitoring-systems/health-monitoring-platforms/,/remote-monitoring-systems/health-monitoring-platforms/,https://commscloud.com/remote-monitoring-systems/health-monitoring-platforms/,/remote-monitoring-systems/health-monitoring-platforms/,none,page,publish,Health Monitoring Platforms For Effective Health Tracking And Analysis,health-monitoring-platforms,%title%,,,,,4054,,
https://commscloud.com/iot-sim-card/m2m-sim-cards/,/iot-sim-card/m2m-sim-cards/,https://commscloud.com/iot-sim-card/m2m-sim-cards/,/iot-sim-card/m2m-sim-cards/,none,page,publish,M2M Sim Cards For Enhanced Dash Cam Connectivity,m2m-sim-cards,%title%,,,"a:1:{i:0;s:5:""index"";}",M2M SIM Cards,3283,,
https://commscloud.com/iot-sim-card/iot-data-plans/,/iot-sim-card/iot-data-plans/,https://commscloud.com/iot-sim-card/iot-data-plans/,/iot-sim-card/iot-data-plans/,none,page,publish,IoT Data Plans for Dashcams in Africa: How to Stay Online With No Roaming and No Downtime,iot-data-plans,,,,,IoT data plans,14218,,
https://commscloud.com/iot-sim-card/smart-device-connectivity/,/iot-sim-card/smart-device-connectivity/,https://commscloud.com/iot-sim-card/smart-device-connectivity/,/iot-sim-card/smart-device-connectivity/,none,page,publish,Smart Device Connectivity For Dash Cams And More,smart-device-connectivity,%title%,,,,,2973,,
https://commscloud.com/dashcams/,/dashcams/,https://commscloud.com/dashcams/,/dashcams/,none,page,publish,Dashcams vs MDVR: The Connected Camera Evolution in African Fleets,dashcams,,Dashcams vs MDVR and how to power fleets with always-on IoT connectivity. How CommsCloud keeps vehicles online across Africa.,,,dashcams,9671,,
https://commscloud.com/dashcams/installation-near-me/,/dashcams/installation-near-me/,https://commscloud.com/dashcams/installation-near-me/,/dashcams/installation-near-me/,none,page,publish,"Dash Cam Installation Near Me: Connecting Fleets, OEMs, and Africa’s Digital Transport Ecosystem",installation-near-me,%title%,"Fleet and OEM-grade dash cam installation in South Africa. CommsCloud connects cameras, SIMs, and platforms.",,,installation near me,11715,,
https://commscloud.com/faq/,/faq/,https://commscloud.com/faq/,/faq/,none,page,publish,"IoT Connectivity FAQ — Cross-Border, Multi-IMSI, Africa | CommsCloud",faq,"IoT Connectivity FAQ — Cross-Border, Multi-IMSI, Africa | CommsCloud","Answers on choosing IoT connectivity for Africa: multi-IMSI SIMs, cross-border coverage, SLAs, pricing, and support for fleet, dash cam and asset tracking.",,,iot connectivity faq,15317,,
https://commscloud.com/dashcams/south-africa/,/dashcams/south-africa/,https://commscloud.com/dashcams/south-africa/,/dashcams/south-africa/,none,page,publish,Dash Cam South Africa: Connectivity That Keeps Your Fleet in Sight,south-africa,%title%,,,,,8472,,
https://commscloud.com/connectivity-management-portal/,/connectivity-management-portal/,https://commscloud.com/connectivity-management-portal/,/connectivity-management-portal/,none,page,publish,Inside CommsCloud’s CMP. Why Every IoT Provider Needs a Connectivity Management Portal.,connectivity-management-portal,%title%,"IoT providers need a Connectivity Management Portal. CommsCloud's CMP is designed to provide visibility, control, and flexibility to deliver IoT at scale.",,,connectivity management portal,9576,,
https://commscloud.com/private-apn-vpn/,/private-apn-vpn/,https://commscloud.com/private-apn-vpn/,/private-apn-vpn/,none,page,publish,"Private APNs &amp; VPNs for IoT — Secure, Scalable, and Built for Africa",private-apn-vpn,,"Private APN VPN for IoT by CommsCloud provides secure, low-latency, cross-border connectivity with local breakout and multi-IMSI resilience.",,,Private APN VPN,10729,,
https://commscloud.com/commscloud-pricing/,/commscloud-pricing/,https://commscloud.com/commscloud-pricing/,/commscloud-pricing/,none,page,publish,CommsCloud Pricing Explained: Transparent. Scalable. Built for Africa.,commscloud-pricing,,"The CommsCloud pricing model is built around transparency, predictability, and control. We believe uptime shouldn’t come with uncertainty.",,,CommsCloud pricing,12034,,
https://commscloud.com/oem-library-2/oem-library/,/oem-library-2/oem-library/,https://commscloud.com/oem-library-2/oem-library/,/oem-library-2/oem-library/,none,page,publish,"Hardware Onboarding, OEM Library &amp; Partnerships",oem-library,,"Your IoT solution is only as reliable as its weakest configuration.
Our OEM Library embeds resilience into devices from day one.",,,Oem Library,8805,,
https://commscloud.com/cellular-iot-solutions/fleet-connectivity-for-africa/,/cellular-iot-solutions/fleet-connectivity-for-africa/,https://commscloud.com/cellular-iot-solutions/fleet-connectivity-for-africa/,/cellular-iot-solutions/fleet-connectivity-for-africa/,none,page,publish,Fleet Connectivity for Africa - why it breaks at the Border — And What Operators Can Do About It,fleet-connectivity-for-africa,,Fleet Connectivity for Africa - Why it Breaks at the Borders — And What Operators Can Do About It,,,fleet connectivity for Africa,14509,,
https://commscloud.com/oem-library-2/,/oem-library-2/,https://commscloud.com/oem-library-2/,/oem-library-2/,none,page,publish,IoT Device + SIM Co-Engineering for African OEMs | CommsCloud,oem-library-2,IoT Device + SIM Co-Engineering for African OEMs | CommsCloud,"How camera, tracker and modem OEMs cut RMA rates and shorten onboarding by co-engineering device firmware with the connectivity layer for African corridors.",,,iot oem africa,8498,,
https://commscloud.com/connectivity-as-a-strategy/,/connectivity-as-a-strategy/,https://commscloud.com/connectivity-as-a-strategy/,/connectivity-as-a-strategy/,none,page,publish,Connectivity as a Strategy: Why IoT Fails When Engineers Treat Connectivity Like Plumbing,connectivity-as-a-strategy,Connectivity as a Strategy: Why IoT Fails When Engineers Treat Connectivity Like Plumbing,"When Engineers Treat Connectivity Like Plumbing, IoT fails because Connectivity as a Strategy is not an add-on commodity.",,,Connectivity as a Strategy,14299,,
https://commscloud.com/connectivity-as-a-strategy/hidden-single-point-of-failure/,/connectivity-as-a-strategy/hidden-single-point-of-failure/,https://commscloud.com/connectivity-as-a-strategy/hidden-single-point-of-failure/,/connectivity-as-a-strategy/hidden-single-point-of-failure/,none,page,publish,Connectivity: The Hidden Single Point of Failure in IoT | CommsCloud,hidden-single-point-of-failure,Connectivity: The Hidden Single Point of Failure in IoT | CommsCloud,Why connectivity is the single point of failure that quietly kills IoT projects in Africa — and the architecture choices that remove it before scale exposes you.,,,iot single point of failure,9170,,
https://commscloud.com/connectivity-as-a-strategy/sim-choice-becomes-an-architecture-decision-at-scale/,/connectivity-as-a-strategy/sim-choice-becomes-an-architecture-decision-at-scale/,https://commscloud.com/connectivity-as-a-strategy/sim-choice-becomes-an-architecture-decision-at-scale/,/connectivity-as-a-strategy/sim-choice-becomes-an-architecture-decision-at-scale/,none,page,publish,IoT SIM Choice Is an Architecture Decision at Scale | CommsCloud,sim-choice-becomes-an-architecture-decision-at-scale,IoT SIM Choice Is an Architecture Decision at Scale | CommsCloud,"Why your IoT SIM choice stops being a procurement detail past 500 devices — and which architecture trade-offs decide cost, downtime and support burden.",,,iot sim architecture decision,9798,,
https://commscloud.com/connectivity-as-a-strategy/rethinking-iot-networks/,/connectivity-as-a-strategy/rethinking-iot-networks/,https://commscloud.com/connectivity-as-a-strategy/rethinking-iot-networks/,/connectivity-as-a-strategy/rethinking-iot-networks/,none,page,publish,From Connectivity to Control Plane: Rethinking IoT Networks,rethinking-iot-networks,,Rethinking IoT Networks is a strategy that works for today's IoT projects and scale. Most IoT systems still think about connectivity the way traditional IT once thought about networking: as a pipe.,,,Rethinking IoT Networks,10214,,
https://commscloud.com/connectivity-as-a-strategy/why-iot-support-fails-when-connectivity-isnt-observable/,/connectivity-as-a-strategy/why-iot-support-fails-when-connectivity-isnt-observable/,https://commscloud.com/connectivity-as-a-strategy/why-iot-support-fails-when-connectivity-isnt-observable/,/connectivity-as-a-strategy/why-iot-support-fails-when-connectivity-isnt-observable/,none,page,publish,Why IoT Support Fails When Connectivity Isn't Observable,why-iot-support-fails-when-connectivity-isnt-observable,,Why IoT Support Fails When Connectivity Isn’t Observable is typically caused by invisibility. When connectivity cannot be observed.,,,Why IoT Support Fails When Connectivity Isn’t Observable,10469,,
https://commscloud.com/cellular-iot-solutions/cross-border-iot-in-africa/,/cellular-iot-solutions/cross-border-iot-in-africa/,https://commscloud.com/cellular-iot-solutions/cross-border-iot-in-africa/,/cellular-iot-solutions/cross-border-iot-in-africa/,none,page,publish,"Navigating Cross-Border IoT in Africa: Why Connectivity Is the Strategy, Not the Detail",cross-border-iot-in-africa,,Cross-border IoT in Africa fails when connectivity assumptions meet reality. Learn how an Africa-first design solve network fragmentation.,,,cross-border IoT in Africa,9214,,
https://commscloud.com/cellular-iot-solutions/fleet-connectivity-drops-at-african-borders/,/cellular-iot-solutions/fleet-connectivity-drops-at-african-borders/,https://commscloud.com/cellular-iot-solutions/fleet-connectivity-drops-at-african-borders/,/cellular-iot-solutions/fleet-connectivity-drops-at-african-borders/,none,page,publish,Why Fleet Connectivity Drops at African Borders,fleet-connectivity-drops-at-african-borders,,Understanding why fleet connectivity drops at African Borders allows you to engineer the drops in coverage out of your operation.,,,Fleet Connectivity Drops at African Borders,8613,,
https://commscloud.com/connected-things/cross-border-iot-connectivity-african-logistics/,/connected-things/cross-border-iot-connectivity-african-logistics/,https://commscloud.com/connected-things/cross-border-iot-connectivity-african-logistics/,/connected-things/cross-border-iot-connectivity-african-logistics/,none,page,publish,Cross-border IoT Connectivity African Logistics,cross-border-iot-connectivity-african-logistics,Cross-border IoT Connectivity African Logistics | CommsCloud,"Multi-IMSI Cross-border IoT Connectivity African Logistics. Four-network corridors, sub-3-second failover, local PGW breakout. 5-SIM 30-day trial.",,,Cross-border IoT Connectivity African Logistics,12582,,
https://commscloud.com/beit-bridge-iot-connectivity/,/beit-bridge-iot-connectivity/,https://commscloud.com/beit-bridge-iot-connectivity/,/beit-bridge-iot-connectivity/,none,page,publish,Beit Bridge IoT Connectivity,beit-bridge-iot-connectivity,Beit Bridge IoT Connectivity for Cross-Border Fleets,"Multi-IMSI connectivity for fleets crossing Beit Bridge. Sub-3-second failover, no manual SIM swaps, validated SA-Zimbabwe coverage. 5-SIM trial. Beit Bridge IoT Connectivity",,,Beit Bridge IoT connectivity,10290,,
https://commscloud.com/kazungula-iot-connectivity/,/kazungula-iot-connectivity/,https://commscloud.com/kazungula-iot-connectivity/,/kazungula-iot-connectivity/,none,page,publish,Kazungula IoT Connectivity — The Four-Country Pinch That Tests Every Cross-Border SIM,kazungula-iot-connectivity,"Kazungula IoT Connectivity - Four Countries, One SIM","Kazungula IoT Connectivity - where fleets crossing the Kazungula Bridge cycle through four mobile networks across Botswana, Zambia, Zimbabwe and Namibia. One multi-IMSI SIM keeps them online — no swaps, no roaming bill blowups.",,,Kazungula IoT Connectivity,6628,,
https://commscloud.com/lebombo-ressano-garcia-iot-connectivity/,/lebombo-ressano-garcia-iot-connectivity/,https://commscloud.com/lebombo-ressano-garcia-iot-connectivity/,/lebombo-ressano-garcia-iot-connectivity/,none,page,publish,Lebombo &amp; Ressano Garcia IoT Connectivity: Connecting the Maputo Corridor,lebombo-ressano-garcia-iot-connectivity,Lebombo IoT Connectivity: One SIM Across the Maputo Corridor,"Daily Maputo Corridor shuttles lose IoT data twice — Lebombo eastbound, Ressano Garcia westbound. Multi-IMSI SIMs collapse both reattach windows to seconds. Cold-chain continuity, no roaming bills.",https://commscloud.com/lebombo-ressano-garcia-iot-connectivity/,,Lebombo IoT connectivity,6827,,
https://commscloud.com/chirundu-iot-connectivity/,/chirundu-iot-connectivity/,https://commscloud.com/chirundu-iot-connectivity/,/chirundu-iot-connectivity/,none,page,publish,Chirundu IoT Connectivity: Crossing Africa's First One-Stop Border Post,chirundu-iot-connectivity,Chirundu IoT Connectivity: Keep Copperbelt Fleets,Chirundu's one-stop processing clears trucks faster than their SIMs can reattach — leaving 15–20 minutes of data gap while the vehicle is moving.,,,Chirundu IoT connectivity,6917,,
https://commscloud.com/oem-library-2/oem-library/commscloud-isnt-just-an-iot-connectivity-provider/,/oem-library-2/oem-library/commscloud-isnt-just-an-iot-connectivity-provider/,https://commscloud.com/oem-library-2/oem-library/commscloud-isnt-just-an-iot-connectivity-provider/,/oem-library-2/oem-library/commscloud-isnt-just-an-iot-connectivity-provider/,none,page,publish,Why CommsCloud Isn’t Just Another IoT Connectivity Provider,commscloud-isnt-just-an-iot-connectivity-provider,%title%,"At the Teltonika Telematics Summit in Johannesburg, a fleet manager posed a crucial question for any IoT Connectivity Provider.",,,IoT Connectivity Provider,8940,,
https://commscloud.com/news-and-views/ict/buying-more-pain-at-a-lower-price/,/news-and-views/ict/buying-more-pain-at-a-lower-price/,https://commscloud.com/news-and-views/ict/buying-more-pain-at-a-lower-price/,/news-and-views/ict/buying-more-pain-at-a-lower-price/,none,post,publish,Buying more pain for your mobility at a lower price,buying-more-pain-at-a-lower-price,,,,,mobility,4995,ICT,CellC; ICT; IS; MTN; Nashua; Service Providers; Vodacom; Vox Telecom
https://commscloud.com/news-and-views/ict/past-present-and-future-of-sa-telecoms/,/news-and-views/ict/past-present-and-future-of-sa-telecoms/,https://commscloud.com/news-and-views/ict/past-present-and-future-of-sa-telecoms/,/news-and-views/ict/past-present-and-future-of-sa-telecoms/,none,post,publish,"Past, present and future of SA telecoms.",past-present-and-future-of-sa-telecoms,,,,,Telecoms,12986,ICT,CellC; ICASA; ISP; MTN; Telkom; Vodacom
https://commscloud.com/news-and-views/ict/the-financial-case-for-moving-to-the-cloud/,/news-and-views/ict/the-financial-case-for-moving-to-the-cloud/,https://commscloud.com/news-and-views/ict/the-financial-case-for-moving-to-the-cloud/,/news-and-views/ict/the-financial-case-for-moving-to-the-cloud/,none,post,publish,The Financial Case for Moving to the Cloud.,the-financial-case-for-moving-to-the-cloud,,,,,Cloud,4336,ICT,Cloud. multi cloud; Gartner
https://commscloud.com/news-and-views/ai-security/machine-intelligence-in-the-real-world/,/news-and-views/ai-security/machine-intelligence-in-the-real-world/,https://commscloud.com/news-and-views/ai-security/machine-intelligence-in-the-real-world/,/news-and-views/ai-security/machine-intelligence-in-the-real-world/,none,post,publish,Machine Intelligence In The Real World.,machine-intelligence-in-the-real-world,,,,,Machine Intelligence,17242,AI &amp; Security,AI; AIoT; IIoT; M2M; ML
https://commscloud.com/news-and-views/ict/top-10-it-cost-optimization-ideas/,/news-and-views/ict/top-10-it-cost-optimization-ideas/,https://commscloud.com/news-and-views/ict/top-10-it-cost-optimization-ideas/,/news-and-views/ict/top-10-it-cost-optimization-ideas/,none,post,publish,Top 10 ICT Cost Optimization Ideas.,top-10-it-cost-optimization-ideas,,,,,ICT,5467,ICT,Budget; ICT; Optimisation; Telecoms cost management
https://commscloud.com/news-and-views/ict/the-digital-drivers-of-the-telco-transformation/,/news-and-views/ict/the-digital-drivers-of-the-telco-transformation/,https://commscloud.com/news-and-views/ict/the-digital-drivers-of-the-telco-transformation/,/news-and-views/ict/the-digital-drivers-of-the-telco-transformation/,none,post,publish,The Digital Drivers of the Telco Transformation.,the-digital-drivers-of-the-telco-transformation,,,,,Telco,8687,ICT,CellC; MTN; Telkom; Vodacom
https://commscloud.com/news-and-views/iot-trends/5g-where-networks-get-exponential/,/news-and-views/iot-trends/5g-where-networks-get-exponential/,https://commscloud.com/news-and-views/iot-trends/5g-where-networks-get-exponential/,/news-and-views/iot-trends/5g-where-networks-get-exponential/,none,post,publish,5G: where networks get exponential.,5g-where-networks-get-exponential,,,,"a:1:{i:0;s:7:""noindex"";}",5G,3666,IoT Trends,2G; 3G; 4G; 5G; Internet Services; IoT
https://commscloud.com/news-and-views/ict/partnering-to-shape-the-future-its-new-imperative/,/news-and-views/ict/partnering-to-shape-the-future-its-new-imperative/,https://commscloud.com/news-and-views/ict/partnering-to-shape-the-future-its-new-imperative/,/news-and-views/ict/partnering-to-shape-the-future-its-new-imperative/,none,post,publish,Partnering to shape the future – ICT’s new imperative.,partnering-to-shape-the-future-its-new-imperative,,,,,ICT,10508,ICT,IT; Partnership
https://commscloud.com/news-and-views/ict/the-dawn-of-a-new-era-in-the-networking-industry/,/news-and-views/ict/the-dawn-of-a-new-era-in-the-networking-industry/,https://commscloud.com/news-and-views/ict/the-dawn-of-a-new-era-in-the-networking-industry/,/news-and-views/ict/the-dawn-of-a-new-era-in-the-networking-industry/,none,post,publish,The dawn of a new era in the networking industry?.,the-dawn-of-a-new-era-in-the-networking-industry,,,,,networking,3887,ICT,NFV; SDWAN
https://commscloud.com/news-and-views/iot-trends/smart-machines-and-iot-platforms-are-going-to-be-big/,/news-and-views/iot-trends/smart-machines-and-iot-platforms-are-going-to-be-big/,https://commscloud.com/news-and-views/iot-trends/smart-machines-and-iot-platforms-are-going-to-be-big/,/news-and-views/iot-trends/smart-machines-and-iot-platforms-are-going-to-be-big/,none,post,publish,Smart machines and IoT platforms are going to be big.,smart-machines-and-iot-platforms-are-going-to-be-big,,,,,IoT Platforms,4516,IoT Trends,AIoT; IIoT; IoT
https://commscloud.com/news-and-views/iot-trends/the-key-to-africas-development-it-could-be-the-internet-of-things/,/news-and-views/iot-trends/the-key-to-africas-development-it-could-be-the-internet-of-things/,https://commscloud.com/news-and-views/iot-trends/the-key-to-africas-development-it-could-be-the-internet-of-things/,/news-and-views/iot-trends/the-key-to-africas-development-it-could-be-the-internet-of-things/,none,post,publish,The key to Africa's development? It could be IoT,the-key-to-africas-development-it-could-be-the-internet-of-things,,,,,IoT,11551,IoT Trends,Africa; IoT; IoT Connectivity
https://commscloud.com/news-and-views/ai-security/ransomware-attacks-on-the-rise-as-cyber-crime-goes-high-tech/,/news-and-views/ai-security/ransomware-attacks-on-the-rise-as-cyber-crime-goes-high-tech/,https://commscloud.com/news-and-views/ai-security/ransomware-attacks-on-the-rise-as-cyber-crime-goes-high-tech/,/news-and-views/ai-security/ransomware-attacks-on-the-rise-as-cyber-crime-goes-high-tech/,none,post,publish,Ransomware attacks on the rise as cyber crime goes high tech.,ransomware-attacks-on-the-rise-as-cyber-crime-goes-high-tech,,,,,Ransomware,8368,AI &amp; Security,Cyber Crime; Ransomware
https://commscloud.com/news-and-views/ict/sd-wan-to-the-rescue/,/news-and-views/ict/sd-wan-to-the-rescue/,https://commscloud.com/news-and-views/ict/sd-wan-to-the-rescue/,/news-and-views/ict/sd-wan-to-the-rescue/,none,post,publish,SDWAN To The Rescue.,sd-wan-to-the-rescue,,,,,SDWAN,4743,ICT,MPLS VPN; SD-WAN
https://commscloud.com/news-and-views/ict/video-conferencing-level-up/,/news-and-views/ict/video-conferencing-level-up/,https://commscloud.com/news-and-views/ict/video-conferencing-level-up/,/news-and-views/ict/video-conferencing-level-up/,none,post,publish,Video conferencing: Level up.,video-conferencing-level-up,,,,,Video Conferencing,15698,ICT,video conferencing
https://commscloud.com/news-and-views/ai-security/ai-comes-to-the-call-centre/,/news-and-views/ai-security/ai-comes-to-the-call-centre/,https://commscloud.com/news-and-views/ai-security/ai-comes-to-the-call-centre/,/news-and-views/ai-security/ai-comes-to-the-call-centre/,none,post,publish,AI comes to the call centre.,ai-comes-to-the-call-centre,,,,,AI,8342,AI &amp; Security,AI; call center; Contact Centre
https://commscloud.com/news-and-views/ai-security/is-ai-the-next-frontier-for-national-competitive-advantage/,/news-and-views/ai-security/is-ai-the-next-frontier-for-national-competitive-advantage/,https://commscloud.com/news-and-views/ai-security/is-ai-the-next-frontier-for-national-competitive-advantage/,/news-and-views/ai-security/is-ai-the-next-frontier-for-national-competitive-advantage/,none,post,publish,Is AI the Next Frontier for National Competitive Advantage?.,is-ai-the-next-frontier-for-national-competitive-advantage,,,,,AI,13674,AI &amp; Security,AI; ChatGPT; Digital; Enterprise
https://commscloud.com/news-and-views/ict/multi-cloud-is-the-new-cloud-reality/,/news-and-views/ict/multi-cloud-is-the-new-cloud-reality/,https://commscloud.com/news-and-views/ict/multi-cloud-is-the-new-cloud-reality/,/news-and-views/ict/multi-cloud-is-the-new-cloud-reality/,none,post,publish,Multi cloud is the New Cloud Reality.,multi-cloud-is-the-new-cloud-reality,,,,,multi cloud,11590,ICT,Cloud; ICT
https://commscloud.com/news-and-views/ai-security/five-champion-vendors-lead-the-cybersecurity-leadership-matrix-2019-canalys/,/news-and-views/ai-security/five-champion-vendors-lead-the-cybersecurity-leadership-matrix-2019-canalys/,https://commscloud.com/news-and-views/ai-security/five-champion-vendors-lead-the-cybersecurity-leadership-matrix-2019-canalys/,/news-and-views/ai-security/five-champion-vendors-lead-the-cybersecurity-leadership-matrix-2019-canalys/,none,post,publish,"Five ""Champion"" vendors lead the Cybersecurity Leadership Matrix 2019 - Canalys.",five-champion-vendors-lead-the-cybersecurity-leadership-matrix-2019-canalys,,,,,Cybersecurity,9319,AI &amp; Security,Security
https://commscloud.com/news-and-views/ict/take-charge/,/news-and-views/ict/take-charge/,https://commscloud.com/news-and-views/ict/take-charge/,/news-and-views/ict/take-charge/,none,post,publish,Take charge of your Telecoms Expenses,take-charge,,,,,Telecoms Expenses,14290,ICT,IoT; IoT Connectivity; Technology Expense Management; TEM
https://commscloud.com/news-and-views/ict/cost-optimization-opportunities-for-mobility-services-and-devices-are-emerging/,/news-and-views/ict/cost-optimization-opportunities-for-mobility-services-and-devices-are-emerging/,https://commscloud.com/news-and-views/ict/cost-optimization-opportunities-for-mobility-services-and-devices-are-emerging/,/news-and-views/ict/cost-optimization-opportunities-for-mobility-services-and-devices-are-emerging/,none,post,publish,Cost Optimisation Opportunities for Mobility Services and Devices Are Emerging.,cost-optimization-opportunities-for-mobility-services-and-devices-are-emerging,,,,"a:1:{i:0;s:7:""noindex"";}",Cost Optimisation,27233,ICT,Devices; Gartner; Mobile Device Management; Mobility; Total Cost of Ownership
https://commscloud.com/news-and-views/ai-security/why-aiot-is-emerging-as-the-future-of-industry-4-0/,/news-and-views/ai-security/why-aiot-is-emerging-as-the-future-of-industry-4-0/,https://commscloud.com/news-and-views/ai-security/why-aiot-is-emerging-as-the-future-of-industry-4-0/,/news-and-views/ai-security/why-aiot-is-emerging-as-the-future-of-industry-4-0/,none,post,publish,Why AIoT Is Emerging As The Future Of Industry 4.0.,why-aiot-is-emerging-as-the-future-of-industry-4-0,,,,,AIoT,6466,AI &amp; Security,4IR; AI; IoT
https://commscloud.com/news-and-views/ict/omnichannel-vs-multichannel-why-it-matters/,/news-and-views/ict/omnichannel-vs-multichannel-why-it-matters/,https://commscloud.com/news-and-views/ict/omnichannel-vs-multichannel-why-it-matters/,/news-and-views/ict/omnichannel-vs-multichannel-why-it-matters/,none,post,publish,Omnichannel vs. Multichannel for call centers | Why It Matters.,omnichannel-vs-multichannel-why-it-matters,,,,,call centers,8364,ICT,Mitel; OmniChannel
https://commscloud.com/news-and-views/ict/sa-economy-in-deep-trouble-amid-widening-ict-skills-gap/,/news-and-views/ict/sa-economy-in-deep-trouble-amid-widening-ict-skills-gap/,https://commscloud.com/news-and-views/ict/sa-economy-in-deep-trouble-amid-widening-ict-skills-gap/,/news-and-views/ict/sa-economy-in-deep-trouble-amid-widening-ict-skills-gap/,none,post,publish,SA economy in ‘deep trouble’ amid widening ICT skills gap.,sa-economy-in-deep-trouble-amid-widening-ict-skills-gap,,,,,ICT Skills,11291,ICT,ICT; IoT; South Africa; Technology
https://commscloud.com/news-and-views/iot-trends/mobile-market-share-2019-vodacom-vs-mtn-vs-cell-c-vs-telkom/,/news-and-views/iot-trends/mobile-market-share-2019-vodacom-vs-mtn-vs-cell-c-vs-telkom/,https://commscloud.com/news-and-views/iot-trends/mobile-market-share-2019-vodacom-vs-mtn-vs-cell-c-vs-telkom/,/news-and-views/iot-trends/mobile-market-share-2019-vodacom-vs-mtn-vs-cell-c-vs-telkom/,none,post,publish,Mobile network market share 2019: Vodacom vs MTN vs Cell C vs Telkom.,mobile-market-share-2019-vodacom-vs-mtn-vs-cell-c-vs-telkom,,,,,mobile network,6717,IoT Trends,CellC; MTN; Telkom; Vodacom
https://commscloud.com/news-and-views/ict/changing-the-conversation-2/,/news-and-views/ict/changing-the-conversation-2/,https://commscloud.com/news-and-views/ict/changing-the-conversation-2/,/news-and-views/ict/changing-the-conversation-2/,none,post,publish,Changing the conversation with SDWAN,changing-the-conversation-2,,,,,SDWAN,14057,ICT,Cost Optimisation; ICT; IoT; SDWAN; TEM
https://commscloud.com/news-and-views/ai-security/deep-dive-into-cyber-security-one-webinar-at-a-time-via-sophos/,/news-and-views/ai-security/deep-dive-into-cyber-security-one-webinar-at-a-time-via-sophos/,https://commscloud.com/news-and-views/ai-security/deep-dive-into-cyber-security-one-webinar-at-a-time-via-sophos/,/news-and-views/ai-security/deep-dive-into-cyber-security-one-webinar-at-a-time-via-sophos/,none,post,publish,Deep Dive into Cyber Security - one webinar at a time (via Sophos).,deep-dive-into-cyber-security-one-webinar-at-a-time-via-sophos,,,,,Cyber Security,4411,AI &amp; Security,Security; Sophos
https://commscloud.com/news-and-views/iot-trends/the-search-for-a-standard-for-iot-connectivity-continues/,/news-and-views/iot-trends/the-search-for-a-standard-for-iot-connectivity-continues/,https://commscloud.com/news-and-views/iot-trends/the-search-for-a-standard-for-iot-connectivity-continues/,/news-and-views/iot-trends/the-search-for-a-standard-for-iot-connectivity-continues/,none,post,publish,The search for a standard for IoT connectivity continues.,the-search-for-a-standard-for-iot-connectivity-continues,,,,"a:1:{i:0;s:7:""noindex"";}",IoT Connectivity,7187,IoT Trends,IoT; IoT Connectivity; IOT NEWS; IoT Platform
https://commscloud.com/news-and-views/iot-trends/four-ways-to-transform-field-services-through-iot-and-emerging-technologies/,/news-and-views/iot-trends/four-ways-to-transform-field-services-through-iot-and-emerging-technologies/,https://commscloud.com/news-and-views/iot-trends/four-ways-to-transform-field-services-through-iot-and-emerging-technologies/,/news-and-views/iot-trends/four-ways-to-transform-field-services-through-iot-and-emerging-technologies/,none,post,publish,Four Ways to Transform Field Services Through IoT Connectivity and Emerging Technologies.,four-ways-to-transform-field-services-through-iot-and-emerging-technologies,,,,,IoT Connectivity,5498,IoT Trends,GlobalSim; IIoT; IoT; IoT Connectivity; M2M
https://commscloud.com/news-and-views/ict/ict-precious-skills-for-individuals-and-for-society/,/news-and-views/ict/ict-precious-skills-for-individuals-and-for-society/,https://commscloud.com/news-and-views/ict/ict-precious-skills-for-individuals-and-for-society/,/news-and-views/ict/ict-precious-skills-for-individuals-and-for-society/,none,post,publish,"ICT: Precious Skills for Individuals, and for Society.",ict-precious-skills-for-individuals-and-for-society,,,,,ICT,8299,ICT,4IR; Digital; ICT; IIoT; IoT
https://commscloud.com/the-best-iot-sim-card/esim-vs-isim/guide-to-iot-terminology/,/the-best-iot-sim-card/esim-vs-isim/guide-to-iot-terminology/,https://commscloud.com/the-best-iot-sim-card/esim-vs-isim/guide-to-iot-terminology/,/the-best-iot-sim-card/esim-vs-isim/guide-to-iot-terminology/,none,post,publish,IoT Terminology Guide – Understanding IoT Terms,guide-to-iot-terminology,iSIM Explained: IoT Terminology Guide for Engineers,"What is iSIM? Plain-English definitions of iSIM, eSIM, eUICC, multi-IMSI and more. The IoT connectivity glossary used by African fleet and asset operators.",,,IoT Terminology Guide,67091,ESIM Vs ISIM: The Touchless SIM,
https://commscloud.com/news-and-views/ict/these-are-the-best-and-worst-mobile-networks-in-south-africa/,/news-and-views/ict/these-are-the-best-and-worst-mobile-networks-in-south-africa/,https://commscloud.com/news-and-views/ict/these-are-the-best-and-worst-mobile-networks-in-south-africa/,/news-and-views/ict/these-are-the-best-and-worst-mobile-networks-in-south-africa/,none,post,publish,Best and worst mobile networks in South Africa.,these-are-the-best-and-worst-mobile-networks-in-south-africa,,MTN ranks #1 for mobile data in SA (Q3 2025 Best and Worst Mobile Networks). See why network choice drives IoT reliability.,,,Mobile Networks,7649,ICT,4G; 5G; CellC; Connectivity; MTN; Telkom; Vodacom
https://commscloud.com/news-and-views/iot-trends/iot-in-action/,/news-and-views/iot-trends/iot-in-action/,https://commscloud.com/news-and-views/iot-trends/iot-in-action/,/news-and-views/iot-trends/iot-in-action/,none,post,publish,"IoT In Action: 5 Questions with Nir Shalom, CEO FloLive.",iot-in-action,,,,,Nir Shalom,5842,IoT Trends,Connectivity Management; floLIVE; IoT; IoT Connectivity; IoT Platform; Nir Shalom
https://commscloud.com/news-and-views/iot-trends/what-is-iiot-industrial-internet-of-things-explained/,/news-and-views/iot-trends/what-is-iiot-industrial-internet-of-things-explained/,https://commscloud.com/news-and-views/iot-trends/what-is-iiot-industrial-internet-of-things-explained/,/news-and-views/iot-trends/what-is-iiot-industrial-internet-of-things-explained/,none,post,publish,What is IIoT? Industrial Internet of Things Explained.,what-is-iiot-industrial-internet-of-things-explained,,,,,IIoT,21365,IoT Trends,CommsCloud; IIoT; IoTConnectivity; IOTNEWS; IoTPlatform
https://commscloud.com/news-and-views/ict/changing-the-conversation/,/news-and-views/ict/changing-the-conversation/,https://commscloud.com/news-and-views/ict/changing-the-conversation/,/news-and-views/ict/changing-the-conversation/,none,post,publish,Changing the conversation around ICT,changing-the-conversation,,,,,ICT,12750,ICT,ICT; SDWAN; TEM; VoIP
https://commscloud.com/news-and-views/ict/who-you-gonna-call/,/news-and-views/ict/who-you-gonna-call/,https://commscloud.com/news-and-views/ict/who-you-gonna-call/,/news-and-views/ict/who-you-gonna-call/,none,post,publish,Who you gonna call for ICT?,who-you-gonna-call,,,,"a:1:{i:0;s:7:""noindex"";}",ICT,6727,ICT,AI; BI; ICT
https://commscloud.com/news-and-views/ict/cmh-converges-networks-cuts-costs/,/news-and-views/ict/cmh-converges-networks-cuts-costs/,https://commscloud.com/news-and-views/ict/cmh-converges-networks-cuts-costs/,/news-and-views/ict/cmh-converges-networks-cuts-costs/,none,post,publish,"CMH converges networks, cuts ICT costs",cmh-converges-networks-cuts-costs,,,,"a:1:{i:0;s:7:""noindex"";}",ICT,4909,ICT,ICT; MPLS
https://commscloud.com/the-best-iot-sim-card/esim-vs-isim/euicc-features-benefits/,/the-best-iot-sim-card/esim-vs-isim/euicc-features-benefits/,https://commscloud.com/the-best-iot-sim-card/esim-vs-isim/euicc-features-benefits/,/the-best-iot-sim-card/esim-vs-isim/euicc-features-benefits/,none,post,publish,eUICC Benefits for IoT Connectivity,euicc-features-benefits,eUICC Benefits IoT - Commscloud Connectivity For Africa,"Commscloud offers the advantage of remote provisioning and switching SIM profiles over the air with eUICC, simplifying IoT connectivity and improving security.",,,eUICC Benefits IoT,15248,ESIM Vs ISIM: The Touchless SIM,eUICC; IIoT; IoT Connectivity; IoT Device
https://commscloud.com/the-best-iot-sim-card/iot-sim-cards-for-africa/network-steering/,/the-best-iot-sim-card/iot-sim-cards-for-africa/network-steering/,https://commscloud.com/the-best-iot-sim-card/iot-sim-cards-for-africa/network-steering/,/the-best-iot-sim-card/iot-sim-cards-for-africa/network-steering/,none,post,publish,The Essential Guide to IoT Steering and Connectivity,network-steering,IoT Steering Guide: Optimize Connectivity - CommsCloud Africa,Commscloud helps you with effective network steering in IoT. Discover strategies for optimizing your IoT solutions and improving performance.,,,IoT Steering,15303,Cross Border Sim Cards,IoT; IoT Device; steering.IoT SIM cards
https://commscloud.com/the-best-iot-sim-card/iot-sim-cards-for-africa/why-roaming-is-inadequate-for-iot/,/the-best-iot-sim-card/iot-sim-cards-for-africa/why-roaming-is-inadequate-for-iot/,https://commscloud.com/the-best-iot-sim-card/iot-sim-cards-for-africa/why-roaming-is-inadequate-for-iot/,/the-best-iot-sim-card/iot-sim-cards-for-africa/why-roaming-is-inadequate-for-iot/,none,post,publish,Understanding IoT Roaming Restrictions and Permanent Roaming Limitations,why-roaming-is-inadequate-for-iot,IoT Roaming Limitations & Restrictions - CommsCloud Solutions,IoT devices face permanent roaming restrictions and increased costs due to complex regulations. Commscloud helps organizations manage IoT roaming constraints effectively.,,,IoT Roaming Limitations,16553,Cross Border Sim Cards,IIoT; IoT; IoT Connectivity; IoT Device; IoT Platform
https://commscloud.com/the-best-iot-sim-card/what-is-an-isim/,/the-best-iot-sim-card/what-is-an-isim/,https://commscloud.com/the-best-iot-sim-card/what-is-an-isim/,/the-best-iot-sim-card/what-is-an-isim/,none,post,publish,iSIM Explained: What is an iSIM?,what-is-an-isim,iSIM Explained - Commscloud IoT Connectivity for Africa,"iSIM Explained: What is an iSIM? Learn the differences between traditional SIMs, eSIMs, and iSIMs.",,,iSIM Explained,14333,Best Roaming Sim Card; iSIM Explained: What is an iSIM?,Africa; eSIM; IIoT; IoT Connectivity; IoT Device; IoT Platform; IoT SIM cards; iSIM
https://commscloud.com/news-and-views/iot-trends/satellite-connectivity/,/news-and-views/iot-trends/satellite-connectivity/,https://commscloud.com/news-and-views/iot-trends/satellite-connectivity/,/news-and-views/iot-trends/satellite-connectivity/,none,post,publish,Mastering Satellite IoT Connectivity,satellite-connectivity,,,https://commscloud.com/news-and-views/iot-trends/satellite-connectivity/,,Satellite IoT,5536,IoT Trends,Africa; IIoT; IoT Connectivity; IoT SIM cards
https://commscloud.com/the-best-iot-sim-card/africa-iot/,/the-best-iot-sim-card/africa-iot/,https://commscloud.com/the-best-iot-sim-card/africa-iot/,/the-best-iot-sim-card/africa-iot/,none,post,publish,Africa IoT Potential: A Booming Continent with Massive Opportunities,africa-iot,Potential for Africa IoT : Top Connectivity Solutions,"Africa IoT and the potential market is on an upward trajectory, transforming key sectors like agriculture and smart cities.",,,Africa IoT,14815,Best Roaming Sim Card,4IR; Africa; IIoT; IoT Connectivity; IoT SIM cards; Smart City
https://commscloud.com/the-best-iot-sim-card/cloud-connect-sim-card/,/the-best-iot-sim-card/cloud-connect-sim-card/,https://commscloud.com/the-best-iot-sim-card/cloud-connect-sim-card/,/the-best-iot-sim-card/cloud-connect-sim-card/,none,post,publish,Cloud Connect SIM Card Solutions,cloud-connect-sim-card,"Cloud Connect SIM - Commscloud IoT, Cloud SIM for Africa","Explore the innovative Cloud Connect SIM Card Solution bt Commscloud. Perfect for seamless IoT connectivity, it's your go-to for efficient and reliable mobile connectivity.",,,Cloud Connect SIM,23151,Best Roaming Sim Card,Cloud Connect; IIoT; IoT; IoT Connectivity; IoT Device
https://commscloud.com/the-best-iot-sim-card/esim-and-euicc-on-iot/,/the-best-iot-sim-card/esim-and-euicc-on-iot/,https://commscloud.com/the-best-iot-sim-card/esim-and-euicc-on-iot/,/the-best-iot-sim-card/esim-and-euicc-on-iot/,none,post,publish,eUICC vs eSIM: The Impact on IoT Connectivity and Deployment,esim-and-euicc-on-iot,eSIM and eUICC IoT: Impact on Africa's Connectivity – Commscloud,"Explore the key differences between EUICC and ESIM tech shaping Africa's IoT future. Join Commscloud, your leader in innovative global IoT connectivity solutions.",,,eSIM and eUICC IoT,16081,Best Roaming Sim Card,eSIM; eUICC; IoT Connectivity; IoT SIM cards; iSIM; nbiot; SIM Control; UICC
https://commscloud.com/the-best-iot-sim-card/iot-sim-cards-for-africa/multi-imsi/,/the-best-iot-sim-card/iot-sim-cards-for-africa/multi-imsi/,https://commscloud.com/the-best-iot-sim-card/iot-sim-cards-for-africa/multi-imsi/,/the-best-iot-sim-card/iot-sim-cards-for-africa/multi-imsi/,none,post,publish,Is Your Multi-IMSI IoT SIM Card Solution Truly Effective?,multi-imsi,Multi-IMSI IoT SIM: True Multi-IMSI? - CommsCloud Africa,"Commscloud's Multi-IMSI IopT SIM offer seamless, reliable connectivity across borders for global IoT operations. Ideal for logistics and telematics.",,,Multi-IMSI IoT SIM,16383,Cross Border Sim Cards,IIoT; IoT Connectivity; IoT Platform; multi IMSI
https://commscloud.com/the-best-iot-sim-card/iot-sim-card/,/the-best-iot-sim-card/iot-sim-card/,https://commscloud.com/the-best-iot-sim-card/iot-sim-card/,/the-best-iot-sim-card/iot-sim-card/,none,post,publish,Can any IoT SIM card be used in any device?,iot-sim-card,,,https://commscloud.com/iot-sim-card/,,IoT SIM card,4513,Best Roaming Sim Card,Africa; IIoT; IoT Connectivity; IoT Device; IoT Platform; IoT SIM cards; South Africa
https://commscloud.com/the-best-iot-sim-card/esim-vs-isim/imsi-vs-euicc/,/the-best-iot-sim-card/esim-vs-isim/imsi-vs-euicc/,https://commscloud.com/the-best-iot-sim-card/esim-vs-isim/imsi-vs-euicc/,/the-best-iot-sim-card/esim-vs-isim/imsi-vs-euicc/,none,post,publish,IMSI and eUICC – Multi-IMSI vs eUICC: Exploring Global Connectivity Options,imsi-vs-euicc,IMSI vs eUICC: Global Connectivity Insights | Commscloud,Explore how Multi IMSI and eUICC can simplify IoT connectivity. Commscloud helps you choose between these versatile options for cost-effective solutions.,,,IMSI vs eUICC,16920,ESIM Vs ISIM: The Touchless SIM,eUICC; multi IMSI
https://commscloud.com/the-best-iot-sim-card/cross-border-iot-connectivity/fleet-management/,/the-best-iot-sim-card/cross-border-iot-connectivity/fleet-management/,https://commscloud.com/the-best-iot-sim-card/cross-border-iot-connectivity/fleet-management/,/the-best-iot-sim-card/cross-border-iot-connectivity/fleet-management/,none,post,publish,The Future of Fleet Management and IoT Connectivity,fleet-management,,,,,fleet management,7319,Trucking,Africa; capetown; fleet; IIoT; IoT; IoT Connectivity; IoT SIM cards
https://commscloud.com/the-best-iot-sim-card/iot-sim-cards-for-africa/iot-connectivity/,/the-best-iot-sim-card/iot-sim-cards-for-africa/iot-connectivity/,https://commscloud.com/the-best-iot-sim-card/iot-sim-cards-for-africa/iot-connectivity/,/the-best-iot-sim-card/iot-sim-cards-for-africa/iot-connectivity/,none,post,publish,Transforming IoT Connectivity in Africa with CommsCloud,iot-connectivity,,"In today's digitally connected world, businesses are constantly looking for ways to harness the potential of the Internet of Things (IoT).",,,IoT Connectivity,7493,Cross Border Sim Cards,Africa; IoT; IoT Connectivity
https://commscloud.com/the-best-iot-sim-card/iot-sim-cards-for-africa/iot-connectivity-africa/,/the-best-iot-sim-card/iot-sim-cards-for-africa/iot-connectivity-africa/,https://commscloud.com/the-best-iot-sim-card/iot-sim-cards-for-africa/iot-connectivity-africa/,/the-best-iot-sim-card/iot-sim-cards-for-africa/iot-connectivity-africa/,none,post,publish,Unlocking Seamless IoT Connectivity: A Game-Changer for African Businesses,iot-connectivity-africa,,One of the major obstacles companies face is the connectivity gap - an issue that occurs when businesses have devices spread across regions.,,,IoT Connectivity,7975,Cross Border Sim Cards,Africa; IIoT; IoT; IoT Connectivity
https://commscloud.com/news-and-views/iot-trends/iot-cybersecurity/,/news-and-views/iot-trends/iot-cybersecurity/,https://commscloud.com/news-and-views/iot-trends/iot-cybersecurity/,/news-and-views/iot-trends/iot-cybersecurity/,none,post,publish,IoT Cybersecurity: The Broadening Regulatory Landscape,iot-cybersecurity,,It’s interesting to see how the world is beginning to respond to the very critical topic of IoT Cybersecurity as the digital world continues to expand rapidly.,,,iot cybersecurity,19183,IoT Trends,cybersecurity; IoT; iot cybersecurity; IoT Device
https://commscloud.com/the-best-iot-sim-card/future-of-fleet-management/,/the-best-iot-sim-card/future-of-fleet-management/,https://commscloud.com/the-best-iot-sim-card/future-of-fleet-management/,/the-best-iot-sim-card/future-of-fleet-management/,none,post,publish,Why IoT Connectivity is Key to the Future of Fleet Management,future-of-fleet-management,,,,,fleet management,5670,Best Roaming Sim Card,fleet; IoT; IoT Connectivity; IoT Device
https://commscloud.com/the-best-iot-sim-card/fleet-maintenance/,/the-best-iot-sim-card/fleet-maintenance/,https://commscloud.com/the-best-iot-sim-card/fleet-maintenance/,/the-best-iot-sim-card/fleet-maintenance/,none,post,publish,How Predictive Fleet Maintenance is Changing Fleet Management,fleet-maintenance,,"Imagine a world where fleet vehicles don’t just run until they break; instead, they “tell” managers when fleet maintenance is required",,,fleet maintenance,4366,Best Roaming Sim Card,fleet; fleet maintenance; IoT; IoT Connectivity
https://commscloud.com/the-best-iot-sim-card/video-telematics/,/the-best-iot-sim-card/video-telematics/,https://commscloud.com/the-best-iot-sim-card/video-telematics/,/the-best-iot-sim-card/video-telematics/,none,post,publish,The Role of Video Telematics in Fleet Safety and Efficiency,video-telematics,,"From driver-facing cameras that promote safe driving to on-board video for capturing incidents, video telematics enhances safety and operational efficiency.",,,video telematics,4802,Best Roaming Sim Card,fleet; IoT; Security; video telematics
https://commscloud.com/the-best-iot-sim-card/volte-iot/,/the-best-iot-sim-card/volte-iot/,https://commscloud.com/the-best-iot-sim-card/volte-iot/,/the-best-iot-sim-card/volte-iot/,none,post,publish,The Rising Demand of VoLTE in IoT: A New Era of Connectivity,volte-iot,,"The world of Internet of Things (IoT) is evolving at a breakneck pace, and Voice over LTE (VoLTE) technology is at the forefront of this revolution.",,,VoLTE,4993,Best Roaming Sim Card,
https://commscloud.com/onboarding-testing-iot-devices-hardware/iot-modems/,/onboarding-testing-iot-devices-hardware/iot-modems/,https://commscloud.com/onboarding-testing-iot-devices-hardware/iot-modems/,/onboarding-testing-iot-devices-hardware/iot-modems/,none,post,publish,"How IoT Modems, SIM Cards, and Operators Work Together for Mobile Network Registration",iot-modems,%title%,"Seamless IoT connectivity relies on successful mobile network registration, a complex process involving IoT modems, SIM cards, and mobile network operators.",,,IoT Modems,9470,Onboarding IoT Hardware,IIoT; IoT; modem; networks
https://commscloud.com/the-best-iot-sim-card/smart-mobility/,/the-best-iot-sim-card/smart-mobility/,https://commscloud.com/the-best-iot-sim-card/smart-mobility/,/the-best-iot-sim-card/smart-mobility/,none,post,publish,Smart Mobility Meets Smart Connectivity,smart-mobility,,"At CommsCloud, we specialise in powering the next generation of IoT solutions across Africa, with smart mobility technology built for devices that move, cross borders, and demand uptime.",,,smart mobility,4203,Best Roaming Sim Card,Africa; IIoT; IoT; IoT Connectivity
https://commscloud.com/the-best-iot-sim-card/iot-solutions-scale/,/the-best-iot-sim-card/iot-solutions-scale/,https://commscloud.com/the-best-iot-sim-card/iot-solutions-scale/,/the-best-iot-sim-card/iot-solutions-scale/,none,post,publish,IoT Solutions At Scale Is Hard — And Why You Shouldn't Have to Do It Alone,iot-solutions-scale,,"You dont plug in a SIM and call it “connected.” It’s about aligning hardware, firmware, connectivity, cloud dashboards — into one reliable, scalable ecosystem.",,,IoT Solutions at Scale,5342,Best Roaming Sim Card,Africa; IIoT; IoT; IoT Connectivity; IoT Device; IoT SIM cards
https://commscloud.com/the-best-iot-sim-card/iot-at-scale/,/the-best-iot-sim-card/iot-at-scale/,https://commscloud.com/the-best-iot-sim-card/iot-at-scale/,/the-best-iot-sim-card/iot-at-scale/,none,post,publish,Why IoT at Scale Struggles in Africa – And What Comes Next,iot-at-scale,,Why IoT at Scale struggles to scale in Africa — and how our Cloud Connect SIM cards solve cross-border connectivity challenges.,,,IoT at Scale,6405,Best Roaming Sim Card,Africa; capetown; fleet; IIoT; IoT; IoT at Scale; logistics; smartcities
https://commscloud.com/the-best-iot-sim-card/iot-sim-cards-for-scale/,/the-best-iot-sim-card/iot-sim-cards-for-scale/,https://commscloud.com/the-best-iot-sim-card/iot-sim-cards-for-scale/,/the-best-iot-sim-card/iot-sim-cards-for-scale/,none,post,publish,How to Choose IoT SIM cards for Scale,iot-sim-cards-for-scale,,Learn how to choose the right IoT SIM cards for Scale - that power Africa’s toughest use cases. Our guide covers the 6 must-haves for Africa-ready,,,IoT SIM cards for Scale,8058,Best Roaming Sim Card,Africa; fleet; IoT; IoT Connectivity; IoT SIM cards; logistics
https://commscloud.com/the-best-iot-sim-card/iot-sim-cards-for-africa/connectivity-management-portal/,/the-best-iot-sim-card/iot-sim-cards-for-africa/connectivity-management-portal/,https://commscloud.com/the-best-iot-sim-card/iot-sim-cards-for-africa/connectivity-management-portal/,/the-best-iot-sim-card/iot-sim-cards-for-africa/connectivity-management-portal/,none,post,publish,Inside CommsCloud’s CMP. Why Every IoT Provider Needs a Connectivity Management Portal.,connectivity-management-portal,%title%,Without a connectivity management portal - IoT solution providers soon discover that managing 1000's of SIMs and complexity is more challenging than expected.,,,connectivity management portal,9275,Cross Border Sim Cards,APN; CMP; Connectivity Management Portal; IoT; SIM management; SIMs
https://commscloud.com/the-best-iot-sim-card/single-sku/,/the-best-iot-sim-card/single-sku/,https://commscloud.com/the-best-iot-sim-card/single-sku/,/the-best-iot-sim-card/single-sku/,none,post,publish,"The Best IoT SIM Card in Africa: Single SKU, Multi-Network, Cross-Border Ready",single-sku,%title%,"Discover the best IoT SIM card in Africa – single SKU, multi-network, cross-border ready. Power fleets, cameras & devices with always-on uptime.",,,Single SKU,10245,Best Roaming Sim Card,Africa; APN; IIoT; IMSI; IoT; Single SKU
https://commscloud.com/the-best-iot-sim-card/iot-sim-cards-for-africa/sla/,/the-best-iot-sim-card/iot-sim-cards-for-africa/sla/,https://commscloud.com/the-best-iot-sim-card/iot-sim-cards-for-africa/sla/,/the-best-iot-sim-card/iot-sim-cards-for-africa/sla/,none,post,publish,CommsCloud Service Level Agreement (SLA) Overview,sla,%title%,,,,SLA,10477,Cross Border Sim Cards,Africa; IIoT; IoT; IoT Connectivity; SLA; Support
https://commscloud.com/iot-connectivity/best-solutions-businesses/,/iot-connectivity/best-solutions-businesses/,https://commscloud.com/iot-connectivity/best-solutions-businesses/,/iot-connectivity/best-solutions-businesses/,none,post,publish,What Are the Best IoT Connectivity Solutions for African Businesses?,best-solutions-businesses,,,,,,10798,Overcoming Cross Border IoT Connectivity Challenges for Fleet Management: A Positive Outlook,
https://commscloud.com/the-best-iot-sim-card/embedded-sims/,/the-best-iot-sim-card/embedded-sims/,https://commscloud.com/the-best-iot-sim-card/embedded-sims/,/the-best-iot-sim-card/embedded-sims/,none,post,publish,"Embedded SIM: How It Works, Pros/Cons, and 5 Best Practices",embedded-sims,Embedded SIM (eSIM) for IoT Devices — Built for Africa,"Embedded SIMs for IoT devices — eSIM and eUICC connectivity that survives African networks. Soldered, swap-free, multi-operator from day one. See use cases.",,,Embedded SIM,15513,Best Roaming Sim Card; Uncategorised,
